# Vaccini raccomandati per destinazione (MOST = alla maggior parte dei viaggiatori, SOME = ad alcuni; la malaria e' esclusa). Presenza e livello secondo F7, F6 e' il secondo parere (vedi GenerateVaccinations.kt).
# Fonti (sigle usate nella colonna fonti, separate da +; fatti riformulati; OMS e CDC solo per controllo, mai copiati; verificato = data ISO del confronto tra le fonti):
# F6 = Travel.gc.ca, Country Travel Advice and Advisories, scheda "Health" (Governo del Canada, dati aperti), Open Government Licence - Canada
# F7 = TravelHealthPro (NaTHNaC / UKHSA), pagine paese e scheda Hajj e Umrah, Open Government Licence v3.0
# iso2	vaccine (HEPA|HEPB|TYPHOID|RABIES|JE|TBE|CHOLERA|MENACWY|YF|DENGUE|CHIK)	level (MOST|SOME)	condizione_it	condizione_en	fonti	verificato
ad	RABIES	SOME	Rischio solo da pipistrelli: da valutare per chi li maneggia o lavora con la fauna selvatica	Risk from bats only: consider it if you handle bats or work with wildlife	F6+F7	2026-10-03
ae	HEPA	SOME	Da valutare in base al viaggio e al rischio di cibo e acqua non sicuri	Consider it depending on your trip and exposure to unsafe food and water	F6+F7	2026-10-03
ae	HEPB	SOME	Da valutare per soggiorni lunghi, cure mediche sul posto o possibili contatti con sangue o a trasmissione sessuale	Consider it for long stays, medical care on the spot or possible blood or sexual contact	F6+F7	2026-10-03
ae	RABIES	SOME	Da valutare se si e' a contatto con animali, in aree isolate o per soggiorni lunghi	Consider it if you may be in contact with animals, in remote areas or on a long stay	F6+F7	2026-10-03
ae	TYPHOID	SOME	Da valutare in base a dove si mangia e si dorme e alla durata del soggiorno	Consider it depending on where you eat and sleep and how long you stay	F6+F7	2026-10-03
af	HEPA	MOST	Raccomandato alla maggior parte dei viaggiatori (infezione trasmessa da cibo e acqua)	Recommended for most travellers (spread by food and water)	F6+F7	2026-10-03
af	TYPHOID	MOST	Raccomandato alla maggior parte dei viaggiatori (cibo e acqua non sicuri)	Recommended for most travellers (unsafe food and water)	F6+F7	2026-10-03
af	CHOLERA	SOME	Da valutare solo per rischi elevati (focolai, lavoro umanitario): contano di piu' cibo e acqua sicuri	Consider it only for higher risks (outbreaks, humanitarian work): safe food and water matter more	F6+F7	2026-10-03
af	DENGUE	SOME	Il vaccino e' per pochi casi (per esempio chi ha gia' avuto la dengue) e lo decide il medico; la protezione principale e' evitare le punture di zanzara	The vaccine suits only a few people (for example those who already had dengue) and a doctor decides; avoiding mosquito bites is the main protection	F6+F7	2026-10-03
af	HEPB	SOME	Da valutare per soggiorni lunghi, cure mediche sul posto o possibili contatti con sangue o a trasmissione sessuale	Consider it for long stays, medical care on the spot or possible blood or sexual contact	F6+F7	2026-10-03
af	RABIES	SOME	Da valutare se si e' a contatto con animali, in aree isolate o per soggiorni lunghi	Consider it if you may be in contact with animals, in remote areas or on a long stay	F6+F7	2026-10-03
ag	DENGUE	SOME	Il vaccino e' per pochi casi (per esempio chi ha gia' avuto la dengue) e lo decide il medico; la protezione principale e' evitare le punture di zanzara	The vaccine suits only a few people (for example those who already had dengue) and a doctor decides; avoiding mosquito bites is the main protection	F6+F7	2026-10-03
ag	HEPA	SOME	Da valutare in base al viaggio e al rischio di cibo e acqua non sicuri	Consider it depending on your trip and exposure to unsafe food and water	F6+F7	2026-10-03
ag	RABIES	SOME	Rischio solo da pipistrelli: da valutare per chi li maneggia o lavora con la fauna selvatica	Risk from bats only: consider it if you handle bats or work with wildlife	F6+F7	2026-10-03
ai	DENGUE	SOME	Il vaccino e' per pochi casi (per esempio chi ha gia' avuto la dengue) e lo decide il medico; la protezione principale e' evitare le punture di zanzara	The vaccine suits only a few people (for example those who already had dengue) and a doctor decides; avoiding mosquito bites is the main protection	F6+F7	2026-10-03
ai	HEPA	SOME	Da valutare in base al viaggio e al rischio di cibo e acqua non sicuri	Consider it depending on your trip and exposure to unsafe food and water	F6+F7	2026-10-03
ai	HEPB	SOME	Da valutare per soggiorni lunghi, cure mediche sul posto o possibili contatti con sangue o a trasmissione sessuale	Consider it for long stays, medical care on the spot or possible blood or sexual contact	F6+F7	2026-10-03
ai	RABIES	SOME	Rischio solo da pipistrelli: da valutare per chi li maneggia o lavora con la fauna selvatica	Risk from bats only: consider it if you handle bats or work with wildlife	F6+F7	2026-10-03
al	HEPA	MOST	Raccomandato alla maggior parte dei viaggiatori (infezione trasmessa da cibo e acqua)	Recommended for most travellers (spread by food and water)	F6+F7	2026-10-03
al	HEPB	SOME	Da valutare per soggiorni lunghi, cure mediche sul posto o possibili contatti con sangue o a trasmissione sessuale	Consider it for long stays, medical care on the spot or possible blood or sexual contact	F6+F7	2026-10-03
al	RABIES	SOME	Da valutare se si e' a contatto con animali, in aree isolate o per soggiorni lunghi	Consider it if you may be in contact with animals, in remote areas or on a long stay	F6+F7	2026-10-03
al	TBE	SOME	Da valutare per escursioni, campeggio o lavoro nei boschi nella stagione delle zecche	Consider it for hiking, camping or forest work in the tick season	F7	2026-10-03
al	TYPHOID	SOME	Da valutare in base a dove si mangia e si dorme e alla durata del soggiorno	Consider it depending on where you eat and sleep and how long you stay	F7	2026-10-03
am	HEPA	MOST	Raccomandato alla maggior parte dei viaggiatori (infezione trasmessa da cibo e acqua)	Recommended for most travellers (spread by food and water)	F6+F7	2026-10-03
am	TYPHOID	MOST	Raccomandato alla maggior parte dei viaggiatori (cibo e acqua non sicuri)	Recommended for most travellers (unsafe food and water)	F7	2026-10-03
am	HEPB	SOME	Da valutare per soggiorni lunghi, cure mediche sul posto o possibili contatti con sangue o a trasmissione sessuale	Consider it for long stays, medical care on the spot or possible blood or sexual contact	F6+F7	2026-10-03
am	RABIES	SOME	Da valutare se si e' a contatto con animali, in aree isolate o per soggiorni lunghi	Consider it if you may be in contact with animals, in remote areas or on a long stay	F6+F7	2026-10-03
ao	HEPA	MOST	Raccomandato alla maggior parte dei viaggiatori (infezione trasmessa da cibo e acqua)	Recommended for most travellers (spread by food and water)	F6+F7	2026-10-03
ao	TYPHOID	MOST	Raccomandato alla maggior parte dei viaggiatori (cibo e acqua non sicuri)	Recommended for most travellers (unsafe food and water)	F6+F7	2026-10-03
ao	YF	MOST	Raccomandato ai viaggiatori: rischio in tutto il paese (a basso potenziale in alcuni casi, chiedi al medico)	Recommended for travellers: risk across the country (low potential in some cases, ask a doctor)	F6+F7	2026-10-03
ao	CHIK	SOME	Da valutare in caso di focolai o soggiorni lunghi; evita le punture di zanzara	Consider it during outbreaks or on long stays; avoid mosquito bites	F6+F7	2026-10-03
ao	CHOLERA	SOME	Da valutare solo per rischi elevati (focolai, lavoro umanitario): contano di piu' cibo e acqua sicuri	Consider it only for higher risks (outbreaks, humanitarian work): safe food and water matter more	F6+F7	2026-10-03
ao	DENGUE	SOME	Il vaccino e' per pochi casi (per esempio chi ha gia' avuto la dengue) e lo decide il medico; la protezione principale e' evitare le punture di zanzara	The vaccine suits only a few people (for example those who already had dengue) and a doctor decides; avoiding mosquito bites is the main protection	F6+F7	2026-10-03
ao	HEPB	SOME	Da valutare per soggiorni lunghi, cure mediche sul posto o possibili contatti con sangue o a trasmissione sessuale	Consider it for long stays, medical care on the spot or possible blood or sexual contact	F6+F7	2026-10-03
ao	RABIES	SOME	Da valutare se si e' a contatto con animali, in aree isolate o per soggiorni lunghi	Consider it if you may be in contact with animals, in remote areas or on a long stay	F6+F7	2026-10-03
ar	HEPA	MOST	Raccomandato alla maggior parte dei viaggiatori (infezione trasmessa da cibo e acqua)	Recommended for most travellers (spread by food and water)	F6+F7	2026-10-03
ar	CHIK	SOME	Da valutare in caso di focolai o soggiorni lunghi; evita le punture di zanzara	Consider it during outbreaks or on long stays; avoid mosquito bites	F6+F7	2026-10-03
ar	DENGUE	SOME	Il vaccino e' per pochi casi (per esempio chi ha gia' avuto la dengue) e lo decide il medico; la protezione principale e' evitare le punture di zanzara	The vaccine suits only a few people (for example those who already had dengue) and a doctor decides; avoiding mosquito bites is the main protection	F6+F7	2026-10-03
ar	RABIES	SOME	Da valutare se si e' a contatto con animali, in aree isolate o per soggiorni lunghi	Consider it if you may be in contact with animals, in remote areas or on a long stay	F6+F7	2026-10-03
ar	TYPHOID	SOME	Da valutare in base a dove si mangia e si dorme e alla durata del soggiorno	Consider it depending on where you eat and sleep and how long you stay	F7	2026-10-03
ar	YF	SOME	Raccomandato nelle aree a rischio, non in tutto il paese: dipende dall'itinerario	Recommended in the risk areas, not the whole country: depends on your itinerary	F6+F7	2026-10-03
as	HEPA	MOST	Raccomandato alla maggior parte dei viaggiatori (infezione trasmessa da cibo e acqua)	Recommended for most travellers (spread by food and water)	F6+F7	2026-10-03
as	DENGUE	SOME	Il vaccino e' per pochi casi (per esempio chi ha gia' avuto la dengue) e lo decide il medico; la protezione principale e' evitare le punture di zanzara	The vaccine suits only a few people (for example those who already had dengue) and a doctor decides; avoiding mosquito bites is the main protection	F6+F7	2026-10-03
as	HEPB	SOME	Da valutare per soggiorni lunghi, cure mediche sul posto o possibili contatti con sangue o a trasmissione sessuale	Consider it for long stays, medical care on the spot or possible blood or sexual contact	F6+F7	2026-10-03
as	RABIES	SOME	Rischio solo da pipistrelli: da valutare per chi li maneggia o lavora con la fauna selvatica	Risk from bats only: consider it if you handle bats or work with wildlife	F6+F7	2026-10-03
as	TYPHOID	SOME	Da valutare in base a dove si mangia e si dorme e alla durata del soggiorno	Consider it depending on where you eat and sleep and how long you stay	F6+F7	2026-10-03
at	RABIES	SOME	Rischio solo da pipistrelli: da valutare per chi li maneggia o lavora con la fauna selvatica	Risk from bats only: consider it if you handle bats or work with wildlife	F6+F7	2026-10-03
at	TBE	SOME	Da valutare per escursioni, campeggio o lavoro nei boschi nella stagione delle zecche	Consider it for hiking, camping or forest work in the tick season	F6+F7	2026-10-03
au	HEPB	SOME	Da valutare per soggiorni lunghi, cure mediche sul posto o possibili contatti con sangue o a trasmissione sessuale	Consider it for long stays, medical care on the spot or possible blood or sexual contact	F6+F7	2026-10-03
au	JE	SOME	Da valutare per soggiorni lunghi o in zone rurali, soprattutto nella stagione di trasmissione	Consider it for long stays or rural areas, especially in the transmission season	F6+F7	2026-10-03
au	RABIES	SOME	Rischio solo da pipistrelli: da valutare per chi li maneggia o lavora con la fauna selvatica	Risk from bats only: consider it if you handle bats or work with wildlife	F6+F7	2026-10-03
aw	DENGUE	SOME	Il vaccino e' per pochi casi (per esempio chi ha gia' avuto la dengue) e lo decide il medico; la protezione principale e' evitare le punture di zanzara	The vaccine suits only a few people (for example those who already had dengue) and a doctor decides; avoiding mosquito bites is the main protection	F6+F7	2026-10-03
aw	HEPB	SOME	Da valutare per soggiorni lunghi, cure mediche sul posto o possibili contatti con sangue o a trasmissione sessuale	Consider it for long stays, medical care on the spot or possible blood or sexual contact	F6+F7	2026-10-03
aw	RABIES	SOME	Rischio solo da pipistrelli: da valutare per chi li maneggia o lavora con la fauna selvatica	Risk from bats only: consider it if you handle bats or work with wildlife	F6+F7	2026-10-03
az	HEPA	MOST	Raccomandato alla maggior parte dei viaggiatori (infezione trasmessa da cibo e acqua)	Recommended for most travellers (spread by food and water)	F6+F7	2026-10-03
az	HEPB	SOME	Da valutare per soggiorni lunghi, cure mediche sul posto o possibili contatti con sangue o a trasmissione sessuale	Consider it for long stays, medical care on the spot or possible blood or sexual contact	F6+F7	2026-10-03
az	RABIES	SOME	Da valutare se si e' a contatto con animali, in aree isolate o per soggiorni lunghi	Consider it if you may be in contact with animals, in remote areas or on a long stay	F6+F7	2026-10-03
az	TYPHOID	SOME	Da valutare in base a dove si mangia e si dorme e alla durata del soggiorno	Consider it depending on where you eat and sleep and how long you stay	F7	2026-10-03
ba	HEPA	SOME	Da valutare in base al viaggio e al rischio di cibo e acqua non sicuri	Consider it depending on your trip and exposure to unsafe food and water	F6+F7	2026-10-03
ba	HEPB	SOME	Da valutare per soggiorni lunghi, cure mediche sul posto o possibili contatti con sangue o a trasmissione sessuale	Consider it for long stays, medical care on the spot or possible blood or sexual contact	F6+F7	2026-10-03
ba	RABIES	SOME	Da valutare se si e' a contatto con animali, in aree isolate o per soggiorni lunghi	Consider it if you may be in contact with animals, in remote areas or on a long stay	F6+F7	2026-10-03
ba	TBE	SOME	Da valutare per escursioni, campeggio o lavoro nei boschi nella stagione delle zecche	Consider it for hiking, camping or forest work in the tick season	F6+F7	2026-10-03
ba	TYPHOID	SOME	Da valutare in base a dove si mangia e si dorme e alla durata del soggiorno	Consider it depending on where you eat and sleep and how long you stay	F7	2026-10-03
bb	CHIK	SOME	Da valutare in caso di focolai o soggiorni lunghi; evita le punture di zanzara	Consider it during outbreaks or on long stays; avoid mosquito bites	F6+F7	2026-10-04
bb	DENGUE	SOME	Il vaccino e' per pochi casi (per esempio chi ha gia' avuto la dengue) e lo decide il medico; la protezione principale e' evitare le punture di zanzara	The vaccine suits only a few people (for example those who already had dengue) and a doctor decides; avoiding mosquito bites is the main protection	F6+F7	2026-10-04
bb	HEPA	SOME	Da valutare in base al viaggio e al rischio di cibo e acqua non sicuri	Consider it depending on your trip and exposure to unsafe food and water	F6+F7	2026-10-04
bb	RABIES	SOME	Rischio solo da pipistrelli: da valutare per chi li maneggia o lavora con la fauna selvatica	Risk from bats only: consider it if you handle bats or work with wildlife	F6+F7	2026-10-04
bd	HEPA	MOST	Raccomandato alla maggior parte dei viaggiatori (infezione trasmessa da cibo e acqua)	Recommended for most travellers (spread by food and water)	F6+F7	2026-10-03
bd	TYPHOID	MOST	Raccomandato alla maggior parte dei viaggiatori (cibo e acqua non sicuri)	Recommended for most travellers (unsafe food and water)	F6+F7	2026-10-03
bd	CHIK	SOME	Da valutare in caso di focolai o soggiorni lunghi; evita le punture di zanzara	Consider it during outbreaks or on long stays; avoid mosquito bites	F6+F7	2026-10-03
bd	CHOLERA	SOME	Da valutare solo per rischi elevati (focolai, lavoro umanitario): contano di piu' cibo e acqua sicuri	Consider it only for higher risks (outbreaks, humanitarian work): safe food and water matter more	F6+F7	2026-10-03
bd	DENGUE	SOME	Il vaccino e' per pochi casi (per esempio chi ha gia' avuto la dengue) e lo decide il medico; la protezione principale e' evitare le punture di zanzara	The vaccine suits only a few people (for example those who already had dengue) and a doctor decides; avoiding mosquito bites is the main protection	F6+F7	2026-10-03
bd	HEPB	SOME	Da valutare per soggiorni lunghi, cure mediche sul posto o possibili contatti con sangue o a trasmissione sessuale	Consider it for long stays, medical care on the spot or possible blood or sexual contact	F6+F7	2026-10-03
bd	JE	SOME	Da valutare per soggiorni lunghi o in zone rurali, soprattutto nella stagione di trasmissione	Consider it for long stays or rural areas, especially in the transmission season	F6+F7	2026-10-03
bd	RABIES	SOME	Da valutare se si e' a contatto con animali, in aree isolate o per soggiorni lunghi	Consider it if you may be in contact with animals, in remote areas or on a long stay	F6+F7	2026-10-03
be	RABIES	SOME	Rischio solo da pipistrelli: da valutare per chi li maneggia o lavora con la fauna selvatica	Risk from bats only: consider it if you handle bats or work with wildlife	F6+F7	2026-10-03
be	TBE	SOME	Da valutare per escursioni, campeggio o lavoro nei boschi nella stagione delle zecche	Consider it for hiking, camping or forest work in the tick season	F6+F7	2026-10-03
bf	HEPA	MOST	Raccomandato alla maggior parte dei viaggiatori (infezione trasmessa da cibo e acqua)	Recommended for most travellers (spread by food and water)	F6+F7	2026-10-03
bf	TYPHOID	MOST	Raccomandato alla maggior parte dei viaggiatori (cibo e acqua non sicuri)	Recommended for most travellers (unsafe food and water)	F6+F7	2026-10-03
bf	YF	MOST	Raccomandato ai viaggiatori: rischio in tutto il paese (a basso potenziale in alcuni casi, chiedi al medico)	Recommended for travellers: risk across the country (low potential in some cases, ask a doctor)	F6+F7	2026-10-03
bf	CHIK	SOME	Da valutare in caso di focolai o soggiorni lunghi; evita le punture di zanzara	Consider it during outbreaks or on long stays; avoid mosquito bites	F6+F7	2026-10-03
bf	CHOLERA	SOME	Da valutare solo per rischi elevati (focolai, lavoro umanitario): contano di piu' cibo e acqua sicuri	Consider it only for higher risks (outbreaks, humanitarian work): safe food and water matter more	F6+F7	2026-10-03
bf	DENGUE	SOME	Il vaccino e' per pochi casi (per esempio chi ha gia' avuto la dengue) e lo decide il medico; la protezione principale e' evitare le punture di zanzara	The vaccine suits only a few people (for example those who already had dengue) and a doctor decides; avoiding mosquito bites is the main protection	F6+F7	2026-10-03
bf	HEPB	SOME	Da valutare per soggiorni lunghi, cure mediche sul posto o possibili contatti con sangue o a trasmissione sessuale	Consider it for long stays, medical care on the spot or possible blood or sexual contact	F6+F7	2026-10-03
bf	MENACWY	SOME	Da valutare secondo l'area, la stagione e i contatti stretti con la popolazione locale	Consider it depending on the area, the season and close contact with the local population	F6+F7	2026-10-03
bf	RABIES	SOME	Da valutare se si e' a contatto con animali, in aree isolate o per soggiorni lunghi	Consider it if you may be in contact with animals, in remote areas or on a long stay	F6+F7	2026-10-03
bg	HEPA	MOST	Raccomandato alla maggior parte dei viaggiatori (infezione trasmessa da cibo e acqua)	Recommended for most travellers (spread by food and water)	F6+F7	2026-10-03
bg	HEPB	SOME	Da valutare per soggiorni lunghi, cure mediche sul posto o possibili contatti con sangue o a trasmissione sessuale	Consider it for long stays, medical care on the spot or possible blood or sexual contact	F6+F7	2026-10-03
bg	RABIES	SOME	Da valutare se si e' a contatto con animali, in aree isolate o per soggiorni lunghi	Consider it if you may be in contact with animals, in remote areas or on a long stay	F6+F7	2026-10-03
bg	TBE	SOME	Da valutare per escursioni, campeggio o lavoro nei boschi nella stagione delle zecche	Consider it for hiking, camping or forest work in the tick season	F6+F7	2026-10-03
bg	TYPHOID	SOME	Da valutare in base a dove si mangia e si dorme e alla durata del soggiorno	Consider it depending on where you eat and sleep and how long you stay	F7	2026-10-03
bh	HEPA	SOME	Da valutare in base al viaggio e al rischio di cibo e acqua non sicuri	Consider it depending on your trip and exposure to unsafe food and water	F6+F7	2026-10-03
bh	HEPB	SOME	Da valutare per soggiorni lunghi, cure mediche sul posto o possibili contatti con sangue o a trasmissione sessuale	Consider it for long stays, medical care on the spot or possible blood or sexual contact	F6+F7	2026-10-03
bh	RABIES	SOME	Da valutare se si e' a contatto con animali, in aree isolate o per soggiorni lunghi	Consider it if you may be in contact with animals, in remote areas or on a long stay	F6+F7	2026-10-03
bh	TYPHOID	SOME	Da valutare in base a dove si mangia e si dorme e alla durata del soggiorno	Consider it depending on where you eat and sleep and how long you stay	F6+F7	2026-10-03
bi	HEPA	MOST	Raccomandato alla maggior parte dei viaggiatori (infezione trasmessa da cibo e acqua)	Recommended for most travellers (spread by food and water)	F6+F7	2026-10-03
bi	TYPHOID	MOST	Raccomandato alla maggior parte dei viaggiatori (cibo e acqua non sicuri)	Recommended for most travellers (unsafe food and water)	F6+F7	2026-10-03
bi	YF	MOST	Raccomandato ai viaggiatori: rischio in tutto il paese (a basso potenziale in alcuni casi, chiedi al medico)	Recommended for travellers: risk across the country (low potential in some cases, ask a doctor)	F6+F7	2026-10-03
bi	CHIK	SOME	Da valutare in caso di focolai o soggiorni lunghi; evita le punture di zanzara	Consider it during outbreaks or on long stays; avoid mosquito bites	F6+F7	2026-10-03
bi	CHOLERA	SOME	Da valutare solo per rischi elevati (focolai, lavoro umanitario): contano di piu' cibo e acqua sicuri	Consider it only for higher risks (outbreaks, humanitarian work): safe food and water matter more	F6+F7	2026-10-03
bi	DENGUE	SOME	Il vaccino e' per pochi casi (per esempio chi ha gia' avuto la dengue) e lo decide il medico; la protezione principale e' evitare le punture di zanzara	The vaccine suits only a few people (for example those who already had dengue) and a doctor decides; avoiding mosquito bites is the main protection	F6+F7	2026-10-03
bi	HEPB	SOME	Da valutare per soggiorni lunghi, cure mediche sul posto o possibili contatti con sangue o a trasmissione sessuale	Consider it for long stays, medical care on the spot or possible blood or sexual contact	F6+F7	2026-10-03
bi	MENACWY	SOME	Da valutare secondo l'area, la stagione e i contatti stretti con la popolazione locale	Consider it depending on the area, the season and close contact with the local population	F6+F7	2026-10-03
bi	RABIES	SOME	Da valutare se si e' a contatto con animali, in aree isolate o per soggiorni lunghi	Consider it if you may be in contact with animals, in remote areas or on a long stay	F6+F7	2026-10-03
bj	HEPA	MOST	Raccomandato alla maggior parte dei viaggiatori (infezione trasmessa da cibo e acqua)	Recommended for most travellers (spread by food and water)	F6+F7	2026-10-03
bj	TYPHOID	MOST	Raccomandato alla maggior parte dei viaggiatori (cibo e acqua non sicuri)	Recommended for most travellers (unsafe food and water)	F6+F7	2026-10-03
bj	YF	MOST	Raccomandato ai viaggiatori: rischio in tutto il paese (a basso potenziale in alcuni casi, chiedi al medico)	Recommended for travellers: risk across the country (low potential in some cases, ask a doctor)	F6+F7	2026-10-03
bj	CHIK	SOME	Da valutare in caso di focolai o soggiorni lunghi; evita le punture di zanzara	Consider it during outbreaks or on long stays; avoid mosquito bites	F6+F7	2026-10-03
bj	CHOLERA	SOME	Da valutare solo per rischi elevati (focolai, lavoro umanitario): contano di piu' cibo e acqua sicuri	Consider it only for higher risks (outbreaks, humanitarian work): safe food and water matter more	F6+F7	2026-10-03
bj	DENGUE	SOME	Il vaccino e' per pochi casi (per esempio chi ha gia' avuto la dengue) e lo decide il medico; la protezione principale e' evitare le punture di zanzara	The vaccine suits only a few people (for example those who already had dengue) and a doctor decides; avoiding mosquito bites is the main protection	F6+F7	2026-10-03
bj	HEPB	SOME	Da valutare per soggiorni lunghi, cure mediche sul posto o possibili contatti con sangue o a trasmissione sessuale	Consider it for long stays, medical care on the spot or possible blood or sexual contact	F6+F7	2026-10-03
bj	MENACWY	SOME	Da valutare secondo l'area, la stagione e i contatti stretti con la popolazione locale	Consider it depending on the area, the season and close contact with the local population	F6+F7	2026-10-03
bj	RABIES	SOME	Da valutare se si e' a contatto con animali, in aree isolate o per soggiorni lunghi	Consider it if you may be in contact with animals, in remote areas or on a long stay	F6+F7	2026-10-03
bl	DENGUE	SOME	Il vaccino e' per pochi casi (per esempio chi ha gia' avuto la dengue) e lo decide il medico; la protezione principale e' evitare le punture di zanzara	The vaccine suits only a few people (for example those who already had dengue) and a doctor decides; avoiding mosquito bites is the main protection	F6+F7	2026-10-03
bl	RABIES	SOME	Rischio solo da pipistrelli: da valutare per chi li maneggia o lavora con la fauna selvatica	Risk from bats only: consider it if you handle bats or work with wildlife	F6+F7	2026-10-03
bm	DENGUE	SOME	Il vaccino e' per pochi casi (per esempio chi ha gia' avuto la dengue) e lo decide il medico; la protezione principale e' evitare le punture di zanzara	The vaccine suits only a few people (for example those who already had dengue) and a doctor decides; avoiding mosquito bites is the main protection	F6+F7	2026-10-03
bm	RABIES	SOME	Rischio solo da pipistrelli: da valutare per chi li maneggia o lavora con la fauna selvatica	Risk from bats only: consider it if you handle bats or work with wildlife	F6+F7	2026-10-03
bn	HEPA	MOST	Raccomandato alla maggior parte dei viaggiatori (infezione trasmessa da cibo e acqua)	Recommended for most travellers (spread by food and water)	F6+F7	2026-10-03
bn	TYPHOID	MOST	Raccomandato alla maggior parte dei viaggiatori (cibo e acqua non sicuri)	Recommended for most travellers (unsafe food and water)	F7	2026-10-03
bn	DENGUE	SOME	Il vaccino e' per pochi casi (per esempio chi ha gia' avuto la dengue) e lo decide il medico; la protezione principale e' evitare le punture di zanzara	The vaccine suits only a few people (for example those who already had dengue) and a doctor decides; avoiding mosquito bites is the main protection	F6+F7	2026-10-03
bn	HEPB	SOME	Da valutare per soggiorni lunghi, cure mediche sul posto o possibili contatti con sangue o a trasmissione sessuale	Consider it for long stays, medical care on the spot or possible blood or sexual contact	F6+F7	2026-10-03
bn	JE	SOME	Da valutare per soggiorni lunghi o in zone rurali, soprattutto nella stagione di trasmissione	Consider it for long stays or rural areas, especially in the transmission season	F6+F7	2026-10-03
bn	RABIES	SOME	Da valutare se si e' a contatto con animali, in aree isolate o per soggiorni lunghi	Consider it if you may be in contact with animals, in remote areas or on a long stay	F6+F7	2026-10-03
bo	HEPA	MOST	Raccomandato alla maggior parte dei viaggiatori (infezione trasmessa da cibo e acqua)	Recommended for most travellers (spread by food and water)	F6+F7	2026-10-03
bo	TYPHOID	MOST	Raccomandato alla maggior parte dei viaggiatori (cibo e acqua non sicuri)	Recommended for most travellers (unsafe food and water)	F6+F7	2026-10-03
bo	CHIK	SOME	Da valutare in caso di focolai o soggiorni lunghi; evita le punture di zanzara	Consider it during outbreaks or on long stays; avoid mosquito bites	F6+F7	2026-10-03
bo	DENGUE	SOME	Il vaccino e' per pochi casi (per esempio chi ha gia' avuto la dengue) e lo decide il medico; la protezione principale e' evitare le punture di zanzara	The vaccine suits only a few people (for example those who already had dengue) and a doctor decides; avoiding mosquito bites is the main protection	F6+F7	2026-10-03
bo	HEPB	SOME	Da valutare per soggiorni lunghi, cure mediche sul posto o possibili contatti con sangue o a trasmissione sessuale	Consider it for long stays, medical care on the spot or possible blood or sexual contact	F6+F7	2026-10-03
bo	RABIES	SOME	Da valutare se si e' a contatto con animali, in aree isolate o per soggiorni lunghi	Consider it if you may be in contact with animals, in remote areas or on a long stay	F6+F7	2026-10-03
bo	YF	SOME	Raccomandato nelle aree a rischio, non in tutto il paese: dipende dall'itinerario	Recommended in the risk areas, not the whole country: depends on your itinerary	F6+F7	2026-10-03
bq	DENGUE	SOME	Il vaccino e' per pochi casi (per esempio chi ha gia' avuto la dengue) e lo decide il medico; la protezione principale e' evitare le punture di zanzara	The vaccine suits only a few people (for example those who already had dengue) and a doctor decides; avoiding mosquito bites is the main protection	F6+F7	2026-10-04
bq	HEPB	SOME	Da valutare per soggiorni lunghi, cure mediche sul posto o possibili contatti con sangue o a trasmissione sessuale	Consider it for long stays, medical care on the spot or possible blood or sexual contact	F6+F7	2026-10-04
bq	RABIES	SOME	Rischio solo da pipistrelli: da valutare per chi li maneggia o lavora con la fauna selvatica	Risk from bats only: consider it if you handle bats or work with wildlife	F6+F7	2026-10-04
br	HEPA	MOST	Raccomandato alla maggior parte dei viaggiatori (infezione trasmessa da cibo e acqua)	Recommended for most travellers (spread by food and water)	F6+F7	2026-10-03
br	TYPHOID	MOST	Raccomandato alla maggior parte dei viaggiatori (cibo e acqua non sicuri)	Recommended for most travellers (unsafe food and water)	F6+F7	2026-10-03
br	CHIK	SOME	Da valutare in caso di focolai o soggiorni lunghi; evita le punture di zanzara	Consider it during outbreaks or on long stays; avoid mosquito bites	F6+F7	2026-10-03
br	DENGUE	SOME	Il vaccino e' per pochi casi (per esempio chi ha gia' avuto la dengue) e lo decide il medico; la protezione principale e' evitare le punture di zanzara	The vaccine suits only a few people (for example those who already had dengue) and a doctor decides; avoiding mosquito bites is the main protection	F6+F7	2026-10-03
br	HEPB	SOME	Da valutare per soggiorni lunghi, cure mediche sul posto o possibili contatti con sangue o a trasmissione sessuale	Consider it for long stays, medical care on the spot or possible blood or sexual contact	F6+F7	2026-10-03
br	RABIES	SOME	Da valutare se si e' a contatto con animali, in aree isolate o per soggiorni lunghi	Consider it if you may be in contact with animals, in remote areas or on a long stay	F6+F7	2026-10-03
br	YF	SOME	Raccomandato nelle aree a rischio, non in tutto il paese: dipende dall'itinerario	Recommended in the risk areas, not the whole country: depends on your itinerary	F6+F7	2026-10-03
bs	DENGUE	SOME	Il vaccino e' per pochi casi (per esempio chi ha gia' avuto la dengue) e lo decide il medico; la protezione principale e' evitare le punture di zanzara	The vaccine suits only a few people (for example those who already had dengue) and a doctor decides; avoiding mosquito bites is the main protection	F6+F7	2026-10-03
bs	HEPA	SOME	Da valutare in base al viaggio e al rischio di cibo e acqua non sicuri	Consider it depending on your trip and exposure to unsafe food and water	F6+F7	2026-10-03
bs	RABIES	SOME	Rischio solo da pipistrelli: da valutare per chi li maneggia o lavora con la fauna selvatica	Risk from bats only: consider it if you handle bats or work with wildlife	F6+F7	2026-10-03
bt	HEPA	MOST	Raccomandato alla maggior parte dei viaggiatori (infezione trasmessa da cibo e acqua)	Recommended for most travellers (spread by food and water)	F6+F7	2026-10-03
bt	TYPHOID	MOST	Raccomandato alla maggior parte dei viaggiatori (cibo e acqua non sicuri)	Recommended for most travellers (unsafe food and water)	F6+F7	2026-10-03
bt	CHIK	SOME	Da valutare in caso di focolai o soggiorni lunghi; evita le punture di zanzara	Consider it during outbreaks or on long stays; avoid mosquito bites	F6+F7	2026-10-03
bt	CHOLERA	SOME	Da valutare solo per rischi elevati (focolai, lavoro umanitario): contano di piu' cibo e acqua sicuri	Consider it only for higher risks (outbreaks, humanitarian work): safe food and water matter more	F7	2026-10-03
bt	DENGUE	SOME	Il vaccino e' per pochi casi (per esempio chi ha gia' avuto la dengue) e lo decide il medico; la protezione principale e' evitare le punture di zanzara	The vaccine suits only a few people (for example those who already had dengue) and a doctor decides; avoiding mosquito bites is the main protection	F6+F7	2026-10-03
bt	HEPB	SOME	Da valutare per soggiorni lunghi, cure mediche sul posto o possibili contatti con sangue o a trasmissione sessuale	Consider it for long stays, medical care on the spot or possible blood or sexual contact	F6+F7	2026-10-03
bt	JE	SOME	Da valutare per soggiorni lunghi o in zone rurali, soprattutto nella stagione di trasmissione	Consider it for long stays or rural areas, especially in the transmission season	F6+F7	2026-10-03
bt	RABIES	SOME	Da valutare se si e' a contatto con animali, in aree isolate o per soggiorni lunghi	Consider it if you may be in contact with animals, in remote areas or on a long stay	F6+F7	2026-10-03
bw	HEPA	MOST	Raccomandato alla maggior parte dei viaggiatori (infezione trasmessa da cibo e acqua)	Recommended for most travellers (spread by food and water)	F6+F7	2026-10-03
bw	TYPHOID	MOST	Raccomandato alla maggior parte dei viaggiatori (cibo e acqua non sicuri)	Recommended for most travellers (unsafe food and water)	F7	2026-10-03
bw	CHOLERA	SOME	Da valutare solo per rischi elevati (focolai, lavoro umanitario): contano di piu' cibo e acqua sicuri	Consider it only for higher risks (outbreaks, humanitarian work): safe food and water matter more	F7	2026-10-03
bw	HEPB	SOME	Da valutare per soggiorni lunghi, cure mediche sul posto o possibili contatti con sangue o a trasmissione sessuale	Consider it for long stays, medical care on the spot or possible blood or sexual contact	F6+F7	2026-10-03
bw	RABIES	SOME	Da valutare se si e' a contatto con animali, in aree isolate o per soggiorni lunghi	Consider it if you may be in contact with animals, in remote areas or on a long stay	F6+F7	2026-10-03
by	HEPA	MOST	Raccomandato alla maggior parte dei viaggiatori (infezione trasmessa da cibo e acqua)	Recommended for most travellers (spread by food and water)	F6+F7	2026-10-03
by	HEPB	SOME	Da valutare per soggiorni lunghi, cure mediche sul posto o possibili contatti con sangue o a trasmissione sessuale	Consider it for long stays, medical care on the spot or possible blood or sexual contact	F6+F7	2026-10-03
by	RABIES	SOME	Da valutare se si e' a contatto con animali, in aree isolate o per soggiorni lunghi	Consider it if you may be in contact with animals, in remote areas or on a long stay	F6+F7	2026-10-03
by	TBE	SOME	Da valutare per escursioni, campeggio o lavoro nei boschi nella stagione delle zecche	Consider it for hiking, camping or forest work in the tick season	F6+F7	2026-10-03
by	TYPHOID	SOME	Da valutare in base a dove si mangia e si dorme e alla durata del soggiorno	Consider it depending on where you eat and sleep and how long you stay	F7	2026-10-03
bz	HEPA	MOST	Raccomandato alla maggior parte dei viaggiatori (infezione trasmessa da cibo e acqua)	Recommended for most travellers (spread by food and water)	F6+F7	2026-10-03
bz	CHIK	SOME	Da valutare in caso di focolai o soggiorni lunghi; evita le punture di zanzara	Consider it during outbreaks or on long stays; avoid mosquito bites	F6+F7	2026-10-03
bz	DENGUE	SOME	Il vaccino e' per pochi casi (per esempio chi ha gia' avuto la dengue) e lo decide il medico; la protezione principale e' evitare le punture di zanzara	The vaccine suits only a few people (for example those who already had dengue) and a doctor decides; avoiding mosquito bites is the main protection	F6+F7	2026-10-03
bz	RABIES	SOME	Da valutare se si e' a contatto con animali, in aree isolate o per soggiorni lunghi	Consider it if you may be in contact with animals, in remote areas or on a long stay	F6+F7	2026-10-03
bz	TYPHOID	SOME	Da valutare in base a dove si mangia e si dorme e alla durata del soggiorno	Consider it depending on where you eat and sleep and how long you stay	F7	2026-10-03
ca	RABIES	SOME	Da valutare se si e' a contatto con animali, in aree isolate o per soggiorni lunghi	Consider it if you may be in contact with animals, in remote areas or on a long stay	F7	2026-10-03
cd	HEPA	MOST	Raccomandato alla maggior parte dei viaggiatori (infezione trasmessa da cibo e acqua)	Recommended for most travellers (spread by food and water)	F6+F7	2026-10-03
cd	TYPHOID	MOST	Raccomandato alla maggior parte dei viaggiatori (cibo e acqua non sicuri)	Recommended for most travellers (unsafe food and water)	F6+F7	2026-10-03
cd	YF	MOST	Raccomandato ai viaggiatori: rischio in tutto il paese (a basso potenziale in alcuni casi, chiedi al medico)	Recommended for travellers: risk across the country (low potential in some cases, ask a doctor)	F6+F7	2026-10-03
cd	CHIK	SOME	Da valutare in caso di focolai o soggiorni lunghi; evita le punture di zanzara	Consider it during outbreaks or on long stays; avoid mosquito bites	F6+F7	2026-10-03
cd	CHOLERA	SOME	Da valutare solo per rischi elevati (focolai, lavoro umanitario): contano di piu' cibo e acqua sicuri	Consider it only for higher risks (outbreaks, humanitarian work): safe food and water matter more	F6+F7	2026-10-03
cd	DENGUE	SOME	Il vaccino e' per pochi casi (per esempio chi ha gia' avuto la dengue) e lo decide il medico; la protezione principale e' evitare le punture di zanzara	The vaccine suits only a few people (for example those who already had dengue) and a doctor decides; avoiding mosquito bites is the main protection	F6+F7	2026-10-03
cd	HEPB	SOME	Da valutare per soggiorni lunghi, cure mediche sul posto o possibili contatti con sangue o a trasmissione sessuale	Consider it for long stays, medical care on the spot or possible blood or sexual contact	F6+F7	2026-10-03
cd	MENACWY	SOME	Da valutare secondo l'area, la stagione e i contatti stretti con la popolazione locale	Consider it depending on the area, the season and close contact with the local population	F6+F7	2026-10-03
cd	RABIES	SOME	Da valutare se si e' a contatto con animali, in aree isolate o per soggiorni lunghi	Consider it if you may be in contact with animals, in remote areas or on a long stay	F6+F7	2026-10-03
cf	HEPA	MOST	Raccomandato alla maggior parte dei viaggiatori (infezione trasmessa da cibo e acqua)	Recommended for most travellers (spread by food and water)	F6+F7	2026-10-03
cf	TYPHOID	MOST	Raccomandato alla maggior parte dei viaggiatori (cibo e acqua non sicuri)	Recommended for most travellers (unsafe food and water)	F6+F7	2026-10-03
cf	YF	MOST	Raccomandato ai viaggiatori: rischio in tutto il paese (a basso potenziale in alcuni casi, chiedi al medico)	Recommended for travellers: risk across the country (low potential in some cases, ask a doctor)	F6+F7	2026-10-03
cf	CHIK	SOME	Da valutare in caso di focolai o soggiorni lunghi; evita le punture di zanzara	Consider it during outbreaks or on long stays; avoid mosquito bites	F6+F7	2026-10-03
cf	CHOLERA	SOME	Da valutare solo per rischi elevati (focolai, lavoro umanitario): contano di piu' cibo e acqua sicuri	Consider it only for higher risks (outbreaks, humanitarian work): safe food and water matter more	F7	2026-10-03
cf	DENGUE	SOME	Il vaccino e' per pochi casi (per esempio chi ha gia' avuto la dengue) e lo decide il medico; la protezione principale e' evitare le punture di zanzara	The vaccine suits only a few people (for example those who already had dengue) and a doctor decides; avoiding mosquito bites is the main protection	F6+F7	2026-10-03
cf	HEPB	SOME	Da valutare per soggiorni lunghi, cure mediche sul posto o possibili contatti con sangue o a trasmissione sessuale	Consider it for long stays, medical care on the spot or possible blood or sexual contact	F6+F7	2026-10-03
cf	MENACWY	SOME	Da valutare secondo l'area, la stagione e i contatti stretti con la popolazione locale	Consider it depending on the area, the season and close contact with the local population	F6+F7	2026-10-03
cf	RABIES	SOME	Da valutare se si e' a contatto con animali, in aree isolate o per soggiorni lunghi	Consider it if you may be in contact with animals, in remote areas or on a long stay	F6+F7	2026-10-03
cg	HEPA	MOST	Raccomandato alla maggior parte dei viaggiatori (infezione trasmessa da cibo e acqua)	Recommended for most travellers (spread by food and water)	F6+F7	2026-10-03
cg	TYPHOID	MOST	Raccomandato alla maggior parte dei viaggiatori (cibo e acqua non sicuri)	Recommended for most travellers (unsafe food and water)	F6+F7	2026-10-03
cg	YF	MOST	Raccomandato ai viaggiatori: rischio in tutto il paese (a basso potenziale in alcuni casi, chiedi al medico)	Recommended for travellers: risk across the country (low potential in some cases, ask a doctor)	F6+F7	2026-10-03
cg	CHIK	SOME	Da valutare in caso di focolai o soggiorni lunghi; evita le punture di zanzara	Consider it during outbreaks or on long stays; avoid mosquito bites	F6+F7	2026-10-03
cg	CHOLERA	SOME	Da valutare solo per rischi elevati (focolai, lavoro umanitario): contano di piu' cibo e acqua sicuri	Consider it only for higher risks (outbreaks, humanitarian work): safe food and water matter more	F6+F7	2026-10-03
cg	DENGUE	SOME	Il vaccino e' per pochi casi (per esempio chi ha gia' avuto la dengue) e lo decide il medico; la protezione principale e' evitare le punture di zanzara	The vaccine suits only a few people (for example those who already had dengue) and a doctor decides; avoiding mosquito bites is the main protection	F6+F7	2026-10-03
cg	HEPB	SOME	Da valutare per soggiorni lunghi, cure mediche sul posto o possibili contatti con sangue o a trasmissione sessuale	Consider it for long stays, medical care on the spot or possible blood or sexual contact	F6+F7	2026-10-03
cg	RABIES	SOME	Da valutare se si e' a contatto con animali, in aree isolate o per soggiorni lunghi	Consider it if you may be in contact with animals, in remote areas or on a long stay	F6+F7	2026-10-03
ch	RABIES	SOME	Rischio solo da pipistrelli: da valutare per chi li maneggia o lavora con la fauna selvatica	Risk from bats only: consider it if you handle bats or work with wildlife	F6+F7	2026-10-03
ch	TBE	SOME	Da valutare per escursioni, campeggio o lavoro nei boschi nella stagione delle zecche	Consider it for hiking, camping or forest work in the tick season	F6+F7	2026-10-03
ci	HEPA	MOST	Raccomandato alla maggior parte dei viaggiatori (infezione trasmessa da cibo e acqua)	Recommended for most travellers (spread by food and water)	F6+F7	2026-10-03
ci	TYPHOID	MOST	Raccomandato alla maggior parte dei viaggiatori (cibo e acqua non sicuri)	Recommended for most travellers (unsafe food and water)	F6+F7	2026-10-03
ci	YF	MOST	Raccomandato ai viaggiatori: rischio in tutto il paese (a basso potenziale in alcuni casi, chiedi al medico)	Recommended for travellers: risk across the country (low potential in some cases, ask a doctor)	F6+F7	2026-10-03
ci	CHIK	SOME	Da valutare in caso di focolai o soggiorni lunghi; evita le punture di zanzara	Consider it during outbreaks or on long stays; avoid mosquito bites	F6+F7	2026-10-03
ci	CHOLERA	SOME	Da valutare solo per rischi elevati (focolai, lavoro umanitario): contano di piu' cibo e acqua sicuri	Consider it only for higher risks (outbreaks, humanitarian work): safe food and water matter more	F6+F7	2026-10-03
ci	DENGUE	SOME	Il vaccino e' per pochi casi (per esempio chi ha gia' avuto la dengue) e lo decide il medico; la protezione principale e' evitare le punture di zanzara	The vaccine suits only a few people (for example those who already had dengue) and a doctor decides; avoiding mosquito bites is the main protection	F6+F7	2026-10-03
ci	HEPB	SOME	Da valutare per soggiorni lunghi, cure mediche sul posto o possibili contatti con sangue o a trasmissione sessuale	Consider it for long stays, medical care on the spot or possible blood or sexual contact	F6+F7	2026-10-03
ci	MENACWY	SOME	Da valutare secondo l'area, la stagione e i contatti stretti con la popolazione locale	Consider it depending on the area, the season and close contact with the local population	F6+F7	2026-10-03
ci	RABIES	SOME	Da valutare se si e' a contatto con animali, in aree isolate o per soggiorni lunghi	Consider it if you may be in contact with animals, in remote areas or on a long stay	F6+F7	2026-10-03
ck	HEPA	MOST	Raccomandato alla maggior parte dei viaggiatori (infezione trasmessa da cibo e acqua)	Recommended for most travellers (spread by food and water)	F6+F7	2026-10-03
ck	DENGUE	SOME	Il vaccino e' per pochi casi (per esempio chi ha gia' avuto la dengue) e lo decide il medico; la protezione principale e' evitare le punture di zanzara	The vaccine suits only a few people (for example those who already had dengue) and a doctor decides; avoiding mosquito bites is the main protection	F6+F7	2026-10-03
ck	HEPB	SOME	Da valutare per soggiorni lunghi, cure mediche sul posto o possibili contatti con sangue o a trasmissione sessuale	Consider it for long stays, medical care on the spot or possible blood or sexual contact	F6+F7	2026-10-03
ck	RABIES	SOME	Rischio solo da pipistrelli: da valutare per chi li maneggia o lavora con la fauna selvatica	Risk from bats only: consider it if you handle bats or work with wildlife	F6+F7	2026-10-03
ck	TYPHOID	SOME	Da valutare in base a dove si mangia e si dorme e alla durata del soggiorno	Consider it depending on where you eat and sleep and how long you stay	F7	2026-10-03
cl	HEPA	SOME	Da valutare in base al viaggio e al rischio di cibo e acqua non sicuri	Consider it depending on your trip and exposure to unsafe food and water	F6+F7	2026-10-03
cl	RABIES	SOME	Da valutare se si e' a contatto con animali, in aree isolate o per soggiorni lunghi	Consider it if you may be in contact with animals, in remote areas or on a long stay	F6+F7	2026-10-03
cl	TYPHOID	SOME	Da valutare in base a dove si mangia e si dorme e alla durata del soggiorno	Consider it depending on where you eat and sleep and how long you stay	F7	2026-10-03
cm	HEPA	MOST	Raccomandato alla maggior parte dei viaggiatori (infezione trasmessa da cibo e acqua)	Recommended for most travellers (spread by food and water)	F6+F7	2026-10-03
cm	TYPHOID	MOST	Raccomandato alla maggior parte dei viaggiatori (cibo e acqua non sicuri)	Recommended for most travellers (unsafe food and water)	F6+F7	2026-10-03
cm	YF	MOST	Raccomandato ai viaggiatori: rischio in tutto il paese (a basso potenziale in alcuni casi, chiedi al medico)	Recommended for travellers: risk across the country (low potential in some cases, ask a doctor)	F6+F7	2026-10-03
cm	CHIK	SOME	Da valutare in caso di focolai o soggiorni lunghi; evita le punture di zanzara	Consider it during outbreaks or on long stays; avoid mosquito bites	F7	2026-10-03
cm	CHOLERA	SOME	Da valutare solo per rischi elevati (focolai, lavoro umanitario): contano di piu' cibo e acqua sicuri	Consider it only for higher risks (outbreaks, humanitarian work): safe food and water matter more	F6+F7	2026-10-03
cm	DENGUE	SOME	Il vaccino e' per pochi casi (per esempio chi ha gia' avuto la dengue) e lo decide il medico; la protezione principale e' evitare le punture di zanzara	The vaccine suits only a few people (for example those who already had dengue) and a doctor decides; avoiding mosquito bites is the main protection	F7	2026-10-03
cm	HEPB	SOME	Da valutare per soggiorni lunghi, cure mediche sul posto o possibili contatti con sangue o a trasmissione sessuale	Consider it for long stays, medical care on the spot or possible blood or sexual contact	F6+F7	2026-10-03
cm	MENACWY	SOME	Da valutare secondo l'area, la stagione e i contatti stretti con la popolazione locale	Consider it depending on the area, the season and close contact with the local population	F6+F7	2026-10-03
cm	RABIES	SOME	Da valutare se si e' a contatto con animali, in aree isolate o per soggiorni lunghi	Consider it if you may be in contact with animals, in remote areas or on a long stay	F6+F7	2026-10-03
cn	HEPA	MOST	Raccomandato alla maggior parte dei viaggiatori (infezione trasmessa da cibo e acqua)	Recommended for most travellers (spread by food and water)	F6+F7	2026-10-03
cn	TYPHOID	MOST	Raccomandato alla maggior parte dei viaggiatori (cibo e acqua non sicuri)	Recommended for most travellers (unsafe food and water)	F6+F7	2026-10-03
cn	CHIK	SOME	Da valutare in caso di focolai o soggiorni lunghi; evita le punture di zanzara	Consider it during outbreaks or on long stays; avoid mosquito bites	F6+F7	2026-10-03
cn	DENGUE	SOME	Il vaccino e' per pochi casi (per esempio chi ha gia' avuto la dengue) e lo decide il medico; la protezione principale e' evitare le punture di zanzara	The vaccine suits only a few people (for example those who already had dengue) and a doctor decides; avoiding mosquito bites is the main protection	F6+F7	2026-10-03
cn	HEPB	SOME	Da valutare per soggiorni lunghi, cure mediche sul posto o possibili contatti con sangue o a trasmissione sessuale	Consider it for long stays, medical care on the spot or possible blood or sexual contact	F6+F7	2026-10-03
cn	JE	SOME	Da valutare per soggiorni lunghi o in zone rurali, soprattutto nella stagione di trasmissione	Consider it for long stays or rural areas, especially in the transmission season	F6+F7	2026-10-03
cn	RABIES	SOME	Da valutare se si e' a contatto con animali, in aree isolate o per soggiorni lunghi	Consider it if you may be in contact with animals, in remote areas or on a long stay	F6+F7	2026-10-03
cn	TBE	SOME	Da valutare per escursioni, campeggio o lavoro nei boschi nella stagione delle zecche	Consider it for hiking, camping or forest work in the tick season	F6+F7	2026-10-03
co	HEPA	MOST	Raccomandato alla maggior parte dei viaggiatori (infezione trasmessa da cibo e acqua)	Recommended for most travellers (spread by food and water)	F6+F7	2026-10-03
co	TYPHOID	MOST	Raccomandato alla maggior parte dei viaggiatori (cibo e acqua non sicuri)	Recommended for most travellers (unsafe food and water)	F7	2026-10-03
co	CHIK	SOME	Da valutare in caso di focolai o soggiorni lunghi; evita le punture di zanzara	Consider it during outbreaks or on long stays; avoid mosquito bites	F6+F7	2026-10-03
co	DENGUE	SOME	Il vaccino e' per pochi casi (per esempio chi ha gia' avuto la dengue) e lo decide il medico; la protezione principale e' evitare le punture di zanzara	The vaccine suits only a few people (for example those who already had dengue) and a doctor decides; avoiding mosquito bites is the main protection	F6+F7	2026-10-03
co	RABIES	SOME	Da valutare se si e' a contatto con animali, in aree isolate o per soggiorni lunghi	Consider it if you may be in contact with animals, in remote areas or on a long stay	F6+F7	2026-10-03
co	YF	SOME	Raccomandato nelle aree a rischio, non in tutto il paese: dipende dall'itinerario	Recommended in the risk areas, not the whole country: depends on your itinerary	F6+F7	2026-10-03
cr	HEPA	MOST	Raccomandato alla maggior parte dei viaggiatori (infezione trasmessa da cibo e acqua)	Recommended for most travellers (spread by food and water)	F6+F7	2026-10-04
cr	CHIK	SOME	Da valutare in caso di focolai o soggiorni lunghi; evita le punture di zanzara	Consider it during outbreaks or on long stays; avoid mosquito bites	F6+F7	2026-10-04
cr	DENGUE	SOME	Il vaccino e' per pochi casi (per esempio chi ha gia' avuto la dengue) e lo decide il medico; la protezione principale e' evitare le punture di zanzara	The vaccine suits only a few people (for example those who already had dengue) and a doctor decides; avoiding mosquito bites is the main protection	F6+F7	2026-10-04
cr	RABIES	SOME	Da valutare se si e' a contatto con animali, in aree isolate o per soggiorni lunghi	Consider it if you may be in contact with animals, in remote areas or on a long stay	F6+F7	2026-10-04
cr	TYPHOID	SOME	Da valutare in base a dove si mangia e si dorme e alla durata del soggiorno	Consider it depending on where you eat and sleep and how long you stay	F7	2026-10-04
cu	HEPA	MOST	Raccomandato alla maggior parte dei viaggiatori (infezione trasmessa da cibo e acqua)	Recommended for most travellers (spread by food and water)	F6+F7	2026-10-03
cu	CHIK	SOME	Da valutare in caso di focolai o soggiorni lunghi; evita le punture di zanzara	Consider it during outbreaks or on long stays; avoid mosquito bites	F6+F7	2026-10-03
cu	DENGUE	SOME	Il vaccino e' per pochi casi (per esempio chi ha gia' avuto la dengue) e lo decide il medico; la protezione principale e' evitare le punture di zanzara	The vaccine suits only a few people (for example those who already had dengue) and a doctor decides; avoiding mosquito bites is the main protection	F6+F7	2026-10-03
cu	RABIES	SOME	Da valutare se si e' a contatto con animali, in aree isolate o per soggiorni lunghi	Consider it if you may be in contact with animals, in remote areas or on a long stay	F6+F7	2026-10-03
cu	TYPHOID	SOME	Da valutare in base a dove si mangia e si dorme e alla durata del soggiorno	Consider it depending on where you eat and sleep and how long you stay	F6+F7	2026-10-03
cv	HEPA	MOST	Raccomandato alla maggior parte dei viaggiatori (infezione trasmessa da cibo e acqua)	Recommended for most travellers (spread by food and water)	F6+F7	2026-10-03
cv	TYPHOID	MOST	Raccomandato alla maggior parte dei viaggiatori (cibo e acqua non sicuri)	Recommended for most travellers (unsafe food and water)	F6+F7	2026-10-03
cv	DENGUE	SOME	Il vaccino e' per pochi casi (per esempio chi ha gia' avuto la dengue) e lo decide il medico; la protezione principale e' evitare le punture di zanzara	The vaccine suits only a few people (for example those who already had dengue) and a doctor decides; avoiding mosquito bites is the main protection	F6+F7	2026-10-03
cv	HEPB	SOME	Da valutare per soggiorni lunghi, cure mediche sul posto o possibili contatti con sangue o a trasmissione sessuale	Consider it for long stays, medical care on the spot or possible blood or sexual contact	F6+F7	2026-10-03
cv	RABIES	SOME	Rischio solo da pipistrelli: da valutare per chi li maneggia o lavora con la fauna selvatica	Risk from bats only: consider it if you handle bats or work with wildlife	F6+F7	2026-10-03
cw	DENGUE	SOME	Il vaccino e' per pochi casi (per esempio chi ha gia' avuto la dengue) e lo decide il medico; la protezione principale e' evitare le punture di zanzara	The vaccine suits only a few people (for example those who already had dengue) and a doctor decides; avoiding mosquito bites is the main protection	F6+F7	2026-10-03
cw	HEPB	SOME	Da valutare per soggiorni lunghi, cure mediche sul posto o possibili contatti con sangue o a trasmissione sessuale	Consider it for long stays, medical care on the spot or possible blood or sexual contact	F6+F7	2026-10-03
cw	RABIES	SOME	Rischio solo da pipistrelli: da valutare per chi li maneggia o lavora con la fauna selvatica	Risk from bats only: consider it if you handle bats or work with wildlife	F6+F7	2026-10-03
cx	HEPA	MOST	Raccomandato alla maggior parte dei viaggiatori (infezione trasmessa da cibo e acqua)	Recommended for most travellers (spread by food and water)	F7	2026-10-03
cx	HEPB	SOME	Da valutare per soggiorni lunghi, cure mediche sul posto o possibili contatti con sangue o a trasmissione sessuale	Consider it for long stays, medical care on the spot or possible blood or sexual contact	F7	2026-10-03
cx	RABIES	SOME	Rischio solo da pipistrelli: da valutare per chi li maneggia o lavora con la fauna selvatica	Risk from bats only: consider it if you handle bats or work with wildlife	F7	2026-10-03
cx	TYPHOID	SOME	Da valutare in base a dove si mangia e si dorme e alla durata del soggiorno	Consider it depending on where you eat and sleep and how long you stay	F7	2026-10-03
cy	RABIES	SOME	Rischio solo da pipistrelli: da valutare per chi li maneggia o lavora con la fauna selvatica	Risk from bats only: consider it if you handle bats or work with wildlife	F6+F7	2026-10-03
cz	HEPA	SOME	Da valutare in base al viaggio e al rischio di cibo e acqua non sicuri	Consider it depending on your trip and exposure to unsafe food and water	F6+F7	2026-10-03
cz	RABIES	SOME	Da valutare se si e' a contatto con animali, in aree isolate o per soggiorni lunghi	Consider it if you may be in contact with animals, in remote areas or on a long stay	F6+F7	2026-10-03
cz	TBE	SOME	Da valutare per escursioni, campeggio o lavoro nei boschi nella stagione delle zecche	Consider it for hiking, camping or forest work in the tick season	F6+F7	2026-10-03
de	RABIES	SOME	Rischio solo da pipistrelli: da valutare per chi li maneggia o lavora con la fauna selvatica	Risk from bats only: consider it if you handle bats or work with wildlife	F6+F7	2026-10-03
de	TBE	SOME	Da valutare per escursioni, campeggio o lavoro nei boschi nella stagione delle zecche	Consider it for hiking, camping or forest work in the tick season	F6+F7	2026-10-03
dj	HEPA	MOST	Raccomandato alla maggior parte dei viaggiatori (infezione trasmessa da cibo e acqua)	Recommended for most travellers (spread by food and water)	F6+F7	2026-10-03
dj	TYPHOID	MOST	Raccomandato alla maggior parte dei viaggiatori (cibo e acqua non sicuri)	Recommended for most travellers (unsafe food and water)	F6+F7	2026-10-03
dj	CHIK	SOME	Da valutare in caso di focolai o soggiorni lunghi; evita le punture di zanzara	Consider it during outbreaks or on long stays; avoid mosquito bites	F6+F7	2026-10-03
dj	CHOLERA	SOME	Da valutare solo per rischi elevati (focolai, lavoro umanitario): contano di piu' cibo e acqua sicuri	Consider it only for higher risks (outbreaks, humanitarian work): safe food and water matter more	F6+F7	2026-10-03
dj	DENGUE	SOME	Il vaccino e' per pochi casi (per esempio chi ha gia' avuto la dengue) e lo decide il medico; la protezione principale e' evitare le punture di zanzara	The vaccine suits only a few people (for example those who already had dengue) and a doctor decides; avoiding mosquito bites is the main protection	F6+F7	2026-10-03
dj	HEPB	SOME	Da valutare per soggiorni lunghi, cure mediche sul posto o possibili contatti con sangue o a trasmissione sessuale	Consider it for long stays, medical care on the spot or possible blood or sexual contact	F6+F7	2026-10-03
dj	RABIES	SOME	Da valutare se si e' a contatto con animali, in aree isolate o per soggiorni lunghi	Consider it if you may be in contact with animals, in remote areas or on a long stay	F6+F7	2026-10-03
dk	RABIES	SOME	Rischio solo da pipistrelli: da valutare per chi li maneggia o lavora con la fauna selvatica	Risk from bats only: consider it if you handle bats or work with wildlife	F6+F7	2026-10-03
dk	TBE	SOME	Da valutare per escursioni, campeggio o lavoro nei boschi nella stagione delle zecche	Consider it for hiking, camping or forest work in the tick season	F6+F7	2026-10-03
dm	DENGUE	SOME	Il vaccino e' per pochi casi (per esempio chi ha gia' avuto la dengue) e lo decide il medico; la protezione principale e' evitare le punture di zanzara	The vaccine suits only a few people (for example those who already had dengue) and a doctor decides; avoiding mosquito bites is the main protection	F6+F7	2026-10-03
dm	RABIES	SOME	Rischio solo da pipistrelli: da valutare per chi li maneggia o lavora con la fauna selvatica	Risk from bats only: consider it if you handle bats or work with wildlife	F6+F7	2026-10-03
do	HEPA	MOST	Raccomandato alla maggior parte dei viaggiatori (infezione trasmessa da cibo e acqua)	Recommended for most travellers (spread by food and water)	F6+F7	2026-10-03
do	TYPHOID	MOST	Raccomandato alla maggior parte dei viaggiatori (cibo e acqua non sicuri)	Recommended for most travellers (unsafe food and water)	F7	2026-10-03
do	CHOLERA	SOME	Da valutare solo per rischi elevati (focolai, lavoro umanitario): contano di piu' cibo e acqua sicuri	Consider it only for higher risks (outbreaks, humanitarian work): safe food and water matter more	F6+F7	2026-10-03
do	DENGUE	SOME	Il vaccino e' per pochi casi (per esempio chi ha gia' avuto la dengue) e lo decide il medico; la protezione principale e' evitare le punture di zanzara	The vaccine suits only a few people (for example those who already had dengue) and a doctor decides; avoiding mosquito bites is the main protection	F6+F7	2026-10-03
do	RABIES	SOME	Da valutare se si e' a contatto con animali, in aree isolate o per soggiorni lunghi	Consider it if you may be in contact with animals, in remote areas or on a long stay	F6+F7	2026-10-03
dz	HEPA	MOST	Raccomandato alla maggior parte dei viaggiatori (infezione trasmessa da cibo e acqua)	Recommended for most travellers (spread by food and water)	F6+F7	2026-10-03
dz	HEPB	SOME	Da valutare per soggiorni lunghi, cure mediche sul posto o possibili contatti con sangue o a trasmissione sessuale	Consider it for long stays, medical care on the spot or possible blood or sexual contact	F6+F7	2026-10-03
dz	RABIES	SOME	Da valutare se si e' a contatto con animali, in aree isolate o per soggiorni lunghi	Consider it if you may be in contact with animals, in remote areas or on a long stay	F6+F7	2026-10-03
dz	TYPHOID	SOME	Da valutare in base a dove si mangia e si dorme e alla durata del soggiorno	Consider it depending on where you eat and sleep and how long you stay	F6+F7	2026-10-03
ec	HEPA	MOST	Raccomandato alla maggior parte dei viaggiatori (infezione trasmessa da cibo e acqua)	Recommended for most travellers (spread by food and water)	F6+F7	2026-10-04
ec	CHIK	SOME	Da valutare in caso di focolai o soggiorni lunghi; evita le punture di zanzara	Consider it during outbreaks or on long stays; avoid mosquito bites	F6+F7	2026-10-04
ec	DENGUE	SOME	Il vaccino e' per pochi casi (per esempio chi ha gia' avuto la dengue) e lo decide il medico; la protezione principale e' evitare le punture di zanzara	The vaccine suits only a few people (for example those who already had dengue) and a doctor decides; avoiding mosquito bites is the main protection	F6+F7	2026-10-04
ec	HEPB	SOME	Da valutare per soggiorni lunghi, cure mediche sul posto o possibili contatti con sangue o a trasmissione sessuale	Consider it for long stays, medical care on the spot or possible blood or sexual contact	F6+F7	2026-10-04
ec	RABIES	SOME	Da valutare se si e' a contatto con animali, in aree isolate o per soggiorni lunghi	Consider it if you may be in contact with animals, in remote areas or on a long stay	F6+F7	2026-10-04
ec	TYPHOID	SOME	Da valutare in base a dove si mangia e si dorme e alla durata del soggiorno	Consider it depending on where you eat and sleep and how long you stay	F7	2026-10-04
ec	YF	SOME	Raccomandato nelle aree a rischio, non in tutto il paese: dipende dall'itinerario	Recommended in the risk areas, not the whole country: depends on your itinerary	F6+F7	2026-10-04
ee	RABIES	SOME	Da valutare se si e' a contatto con animali, in aree isolate o per soggiorni lunghi	Consider it if you may be in contact with animals, in remote areas or on a long stay	F6+F7	2026-10-03
ee	TBE	SOME	Da valutare per escursioni, campeggio o lavoro nei boschi nella stagione delle zecche	Consider it for hiking, camping or forest work in the tick season	F6+F7	2026-10-03
eg	HEPA	MOST	Raccomandato alla maggior parte dei viaggiatori (infezione trasmessa da cibo e acqua)	Recommended for most travellers (spread by food and water)	F6+F7	2026-10-03
eg	DENGUE	SOME	Il vaccino e' per pochi casi (per esempio chi ha gia' avuto la dengue) e lo decide il medico; la protezione principale e' evitare le punture di zanzara	The vaccine suits only a few people (for example those who already had dengue) and a doctor decides; avoiding mosquito bites is the main protection	F6+F7	2026-10-03
eg	HEPB	SOME	Da valutare per soggiorni lunghi, cure mediche sul posto o possibili contatti con sangue o a trasmissione sessuale	Consider it for long stays, medical care on the spot or possible blood or sexual contact	F6+F7	2026-10-03
eg	RABIES	SOME	Da valutare se si e' a contatto con animali, in aree isolate o per soggiorni lunghi	Consider it if you may be in contact with animals, in remote areas or on a long stay	F6+F7	2026-10-03
eg	TYPHOID	SOME	Da valutare in base a dove si mangia e si dorme e alla durata del soggiorno	Consider it depending on where you eat and sleep and how long you stay	F6+F7	2026-10-03
er	HEPA	MOST	Raccomandato alla maggior parte dei viaggiatori (infezione trasmessa da cibo e acqua)	Recommended for most travellers (spread by food and water)	F6+F7	2026-10-03
er	TYPHOID	MOST	Raccomandato alla maggior parte dei viaggiatori (cibo e acqua non sicuri)	Recommended for most travellers (unsafe food and water)	F6+F7	2026-10-03
er	CHIK	SOME	Da valutare in caso di focolai o soggiorni lunghi; evita le punture di zanzara	Consider it during outbreaks or on long stays; avoid mosquito bites	F6+F7	2026-10-03
er	CHOLERA	SOME	Da valutare solo per rischi elevati (focolai, lavoro umanitario): contano di piu' cibo e acqua sicuri	Consider it only for higher risks (outbreaks, humanitarian work): safe food and water matter more	F6+F7	2026-10-03
er	DENGUE	SOME	Il vaccino e' per pochi casi (per esempio chi ha gia' avuto la dengue) e lo decide il medico; la protezione principale e' evitare le punture di zanzara	The vaccine suits only a few people (for example those who already had dengue) and a doctor decides; avoiding mosquito bites is the main protection	F6+F7	2026-10-03
er	HEPB	SOME	Da valutare per soggiorni lunghi, cure mediche sul posto o possibili contatti con sangue o a trasmissione sessuale	Consider it for long stays, medical care on the spot or possible blood or sexual contact	F6+F7	2026-10-03
er	MENACWY	SOME	Da valutare secondo l'area, la stagione e i contatti stretti con la popolazione locale	Consider it depending on the area, the season and close contact with the local population	F6+F7	2026-10-03
er	RABIES	SOME	Da valutare se si e' a contatto con animali, in aree isolate o per soggiorni lunghi	Consider it if you may be in contact with animals, in remote areas or on a long stay	F6+F7	2026-10-03
er	YF	SOME	Raccomandato nelle aree a rischio, non in tutto il paese: dipende dall'itinerario	Recommended in the risk areas, not the whole country: depends on your itinerary	F7	2026-10-03
es	RABIES	SOME	Da valutare se si e' a contatto con animali, in aree isolate o per soggiorni lunghi	Consider it if you may be in contact with animals, in remote areas or on a long stay	F6+F7	2026-10-03
et	HEPA	MOST	Raccomandato alla maggior parte dei viaggiatori (infezione trasmessa da cibo e acqua)	Recommended for most travellers (spread by food and water)	F6+F7	2026-10-04
et	TYPHOID	MOST	Raccomandato alla maggior parte dei viaggiatori (cibo e acqua non sicuri)	Recommended for most travellers (unsafe food and water)	F6+F7	2026-10-04
et	CHIK	SOME	Da valutare in caso di focolai o soggiorni lunghi; evita le punture di zanzara	Consider it during outbreaks or on long stays; avoid mosquito bites	F6+F7	2026-10-04
et	CHOLERA	SOME	Da valutare solo per rischi elevati (focolai, lavoro umanitario): contano di piu' cibo e acqua sicuri	Consider it only for higher risks (outbreaks, humanitarian work): safe food and water matter more	F6+F7	2026-10-04
et	DENGUE	SOME	Il vaccino e' per pochi casi (per esempio chi ha gia' avuto la dengue) e lo decide il medico; la protezione principale e' evitare le punture di zanzara	The vaccine suits only a few people (for example those who already had dengue) and a doctor decides; avoiding mosquito bites is the main protection	F6+F7	2026-10-04
et	HEPB	SOME	Da valutare per soggiorni lunghi, cure mediche sul posto o possibili contatti con sangue o a trasmissione sessuale	Consider it for long stays, medical care on the spot or possible blood or sexual contact	F6+F7	2026-10-04
et	MENACWY	SOME	Da valutare secondo l'area, la stagione e i contatti stretti con la popolazione locale	Consider it depending on the area, the season and close contact with the local population	F6+F7	2026-10-04
et	RABIES	SOME	Da valutare se si e' a contatto con animali, in aree isolate o per soggiorni lunghi	Consider it if you may be in contact with animals, in remote areas or on a long stay	F6+F7	2026-10-04
et	YF	SOME	Raccomandato nelle aree a rischio, non in tutto il paese: dipende dall'itinerario	Recommended in the risk areas, not the whole country: depends on your itinerary	F6+F7	2026-10-04
fi	RABIES	SOME	Rischio solo da pipistrelli: da valutare per chi li maneggia o lavora con la fauna selvatica	Risk from bats only: consider it if you handle bats or work with wildlife	F6+F7	2026-10-03
fi	TBE	SOME	Da valutare per escursioni, campeggio o lavoro nei boschi nella stagione delle zecche	Consider it for hiking, camping or forest work in the tick season	F6+F7	2026-10-03
fj	DENGUE	SOME	Il vaccino e' per pochi casi (per esempio chi ha gia' avuto la dengue) e lo decide il medico; la protezione principale e' evitare le punture di zanzara	The vaccine suits only a few people (for example those who already had dengue) and a doctor decides; avoiding mosquito bites is the main protection	F6+F7	2026-10-03
fj	HEPA	SOME	Da valutare in base al viaggio e al rischio di cibo e acqua non sicuri	Consider it depending on your trip and exposure to unsafe food and water	F6+F7	2026-10-03
fj	HEPB	SOME	Da valutare per soggiorni lunghi, cure mediche sul posto o possibili contatti con sangue o a trasmissione sessuale	Consider it for long stays, medical care on the spot or possible blood or sexual contact	F6+F7	2026-10-03
fj	RABIES	SOME	Rischio solo da pipistrelli: da valutare per chi li maneggia o lavora con la fauna selvatica	Risk from bats only: consider it if you handle bats or work with wildlife	F6+F7	2026-10-03
fj	TYPHOID	SOME	Da valutare in base a dove si mangia e si dorme e alla durata del soggiorno	Consider it depending on where you eat and sleep and how long you stay	F6+F7	2026-10-03
fm	HEPA	MOST	Raccomandato alla maggior parte dei viaggiatori (infezione trasmessa da cibo e acqua)	Recommended for most travellers (spread by food and water)	F6+F7	2026-10-03
fm	TYPHOID	MOST	Raccomandato alla maggior parte dei viaggiatori (cibo e acqua non sicuri)	Recommended for most travellers (unsafe food and water)	F6+F7	2026-10-03
fm	DENGUE	SOME	Il vaccino e' per pochi casi (per esempio chi ha gia' avuto la dengue) e lo decide il medico; la protezione principale e' evitare le punture di zanzara	The vaccine suits only a few people (for example those who already had dengue) and a doctor decides; avoiding mosquito bites is the main protection	F6+F7	2026-10-03
fm	HEPB	SOME	Da valutare per soggiorni lunghi, cure mediche sul posto o possibili contatti con sangue o a trasmissione sessuale	Consider it for long stays, medical care on the spot or possible blood or sexual contact	F6+F7	2026-10-03
fm	RABIES	SOME	Rischio solo da pipistrelli: da valutare per chi li maneggia o lavora con la fauna selvatica	Risk from bats only: consider it if you handle bats or work with wildlife	F6+F7	2026-10-03
fo	RABIES	SOME	Rischio solo da pipistrelli: da valutare per chi li maneggia o lavora con la fauna selvatica	Risk from bats only: consider it if you handle bats or work with wildlife	F7	2026-10-03
fr	RABIES	SOME	Rischio solo da pipistrelli: da valutare per chi li maneggia o lavora con la fauna selvatica	Risk from bats only: consider it if you handle bats or work with wildlife	F6+F7	2026-10-03
fr	TBE	SOME	Da valutare per escursioni, campeggio o lavoro nei boschi nella stagione delle zecche	Consider it for hiking, camping or forest work in the tick season	F6+F7	2026-10-03
ga	HEPA	MOST	Raccomandato alla maggior parte dei viaggiatori (infezione trasmessa da cibo e acqua)	Recommended for most travellers (spread by food and water)	F6+F7	2026-10-03
ga	TYPHOID	MOST	Raccomandato alla maggior parte dei viaggiatori (cibo e acqua non sicuri)	Recommended for most travellers (unsafe food and water)	F6+F7	2026-10-03
ga	YF	MOST	Raccomandato ai viaggiatori: rischio in tutto il paese (a basso potenziale in alcuni casi, chiedi al medico)	Recommended for travellers: risk across the country (low potential in some cases, ask a doctor)	F6+F7	2026-10-03
ga	CHIK	SOME	Da valutare in caso di focolai o soggiorni lunghi; evita le punture di zanzara	Consider it during outbreaks or on long stays; avoid mosquito bites	F6+F7	2026-10-03
ga	CHOLERA	SOME	Da valutare solo per rischi elevati (focolai, lavoro umanitario): contano di piu' cibo e acqua sicuri	Consider it only for higher risks (outbreaks, humanitarian work): safe food and water matter more	F7	2026-10-03
ga	DENGUE	SOME	Il vaccino e' per pochi casi (per esempio chi ha gia' avuto la dengue) e lo decide il medico; la protezione principale e' evitare le punture di zanzara	The vaccine suits only a few people (for example those who already had dengue) and a doctor decides; avoiding mosquito bites is the main protection	F6+F7	2026-10-03
ga	HEPB	SOME	Da valutare per soggiorni lunghi, cure mediche sul posto o possibili contatti con sangue o a trasmissione sessuale	Consider it for long stays, medical care on the spot or possible blood or sexual contact	F6+F7	2026-10-03
ga	RABIES	SOME	Da valutare se si e' a contatto con animali, in aree isolate o per soggiorni lunghi	Consider it if you may be in contact with animals, in remote areas or on a long stay	F6+F7	2026-10-03
gb	RABIES	SOME	Rischio solo da pipistrelli: da valutare per chi li maneggia o lavora con la fauna selvatica	Risk from bats only: consider it if you handle bats or work with wildlife	F6+F7	2026-10-03
gd	DENGUE	SOME	Il vaccino e' per pochi casi (per esempio chi ha gia' avuto la dengue) e lo decide il medico; la protezione principale e' evitare le punture di zanzara	The vaccine suits only a few people (for example those who already had dengue) and a doctor decides; avoiding mosquito bites is the main protection	F6+F7	2026-10-03
gd	HEPA	SOME	Da valutare in base al viaggio e al rischio di cibo e acqua non sicuri	Consider it depending on your trip and exposure to unsafe food and water	F6+F7	2026-10-03
gd	RABIES	SOME	Da valutare se si e' a contatto con animali, in aree isolate o per soggiorni lunghi	Consider it if you may be in contact with animals, in remote areas or on a long stay	F6+F7	2026-10-03
ge	HEPA	MOST	Raccomandato alla maggior parte dei viaggiatori (infezione trasmessa da cibo e acqua)	Recommended for most travellers (spread by food and water)	F6+F7	2026-10-03
ge	TYPHOID	MOST	Raccomandato alla maggior parte dei viaggiatori (cibo e acqua non sicuri)	Recommended for most travellers (unsafe food and water)	F7	2026-10-03
ge	HEPB	SOME	Da valutare per soggiorni lunghi, cure mediche sul posto o possibili contatti con sangue o a trasmissione sessuale	Consider it for long stays, medical care on the spot or possible blood or sexual contact	F6+F7	2026-10-03
ge	RABIES	SOME	Da valutare se si e' a contatto con animali, in aree isolate o per soggiorni lunghi	Consider it if you may be in contact with animals, in remote areas or on a long stay	F6+F7	2026-10-03
gf	HEPA	MOST	Raccomandato alla maggior parte dei viaggiatori (infezione trasmessa da cibo e acqua)	Recommended for most travellers (spread by food and water)	F6+F7	2026-10-03
gf	TYPHOID	MOST	Raccomandato alla maggior parte dei viaggiatori (cibo e acqua non sicuri)	Recommended for most travellers (unsafe food and water)	F7	2026-10-03
gf	YF	MOST	Raccomandato ai viaggiatori: rischio in tutto il paese (a basso potenziale in alcuni casi, chiedi al medico)	Recommended for travellers: risk across the country (low potential in some cases, ask a doctor)	F6+F7	2026-10-03
gf	CHIK	SOME	Da valutare in caso di focolai o soggiorni lunghi; evita le punture di zanzara	Consider it during outbreaks or on long stays; avoid mosquito bites	F6+F7	2026-10-03
gf	DENGUE	SOME	Il vaccino e' per pochi casi (per esempio chi ha gia' avuto la dengue) e lo decide il medico; la protezione principale e' evitare le punture di zanzara	The vaccine suits only a few people (for example those who already had dengue) and a doctor decides; avoiding mosquito bites is the main protection	F6+F7	2026-10-03
gf	HEPB	SOME	Da valutare per soggiorni lunghi, cure mediche sul posto o possibili contatti con sangue o a trasmissione sessuale	Consider it for long stays, medical care on the spot or possible blood or sexual contact	F6+F7	2026-10-03
gf	RABIES	SOME	Da valutare se si e' a contatto con animali, in aree isolate o per soggiorni lunghi	Consider it if you may be in contact with animals, in remote areas or on a long stay	F6+F7	2026-10-03
gh	HEPA	MOST	Raccomandato alla maggior parte dei viaggiatori (infezione trasmessa da cibo e acqua)	Recommended for most travellers (spread by food and water)	F6+F7	2026-10-03
gh	TYPHOID	MOST	Raccomandato alla maggior parte dei viaggiatori (cibo e acqua non sicuri)	Recommended for most travellers (unsafe food and water)	F6+F7	2026-10-03
gh	YF	MOST	Raccomandato ai viaggiatori: rischio in tutto il paese (a basso potenziale in alcuni casi, chiedi al medico)	Recommended for travellers: risk across the country (low potential in some cases, ask a doctor)	F6+F7	2026-10-03
gh	CHIK	SOME	Da valutare in caso di focolai o soggiorni lunghi; evita le punture di zanzara	Consider it during outbreaks or on long stays; avoid mosquito bites	F6+F7	2026-10-03
gh	CHOLERA	SOME	Da valutare solo per rischi elevati (focolai, lavoro umanitario): contano di piu' cibo e acqua sicuri	Consider it only for higher risks (outbreaks, humanitarian work): safe food and water matter more	F6+F7	2026-10-03
gh	DENGUE	SOME	Il vaccino e' per pochi casi (per esempio chi ha gia' avuto la dengue) e lo decide il medico; la protezione principale e' evitare le punture di zanzara	The vaccine suits only a few people (for example those who already had dengue) and a doctor decides; avoiding mosquito bites is the main protection	F6+F7	2026-10-03
gh	HEPB	SOME	Da valutare per soggiorni lunghi, cure mediche sul posto o possibili contatti con sangue o a trasmissione sessuale	Consider it for long stays, medical care on the spot or possible blood or sexual contact	F6+F7	2026-10-03
gh	MENACWY	SOME	Da valutare secondo l'area, la stagione e i contatti stretti con la popolazione locale	Consider it depending on the area, the season and close contact with the local population	F6+F7	2026-10-03
gh	RABIES	SOME	Da valutare se si e' a contatto con animali, in aree isolate o per soggiorni lunghi	Consider it if you may be in contact with animals, in remote areas or on a long stay	F6+F7	2026-10-03
gi	RABIES	SOME	Rischio solo da pipistrelli: da valutare per chi li maneggia o lavora con la fauna selvatica	Risk from bats only: consider it if you handle bats or work with wildlife	F6+F7	2026-10-03
gl	RABIES	SOME	Da valutare se si e' a contatto con animali, in aree isolate o per soggiorni lunghi	Consider it if you may be in contact with animals, in remote areas or on a long stay	F6+F7	2026-10-03
gm	HEPA	MOST	Raccomandato alla maggior parte dei viaggiatori (infezione trasmessa da cibo e acqua)	Recommended for most travellers (spread by food and water)	F6+F7	2026-10-03
gm	TYPHOID	MOST	Raccomandato alla maggior parte dei viaggiatori (cibo e acqua non sicuri)	Recommended for most travellers (unsafe food and water)	F6+F7	2026-10-03
gm	YF	MOST	Raccomandato ai viaggiatori: rischio in tutto il paese (a basso potenziale in alcuni casi, chiedi al medico)	Recommended for travellers: risk across the country (low potential in some cases, ask a doctor)	F6+F7	2026-10-03
gm	CHIK	SOME	Da valutare in caso di focolai o soggiorni lunghi; evita le punture di zanzara	Consider it during outbreaks or on long stays; avoid mosquito bites	F6+F7	2026-10-03
gm	CHOLERA	SOME	Da valutare solo per rischi elevati (focolai, lavoro umanitario): contano di piu' cibo e acqua sicuri	Consider it only for higher risks (outbreaks, humanitarian work): safe food and water matter more	F7	2026-10-03
gm	DENGUE	SOME	Il vaccino e' per pochi casi (per esempio chi ha gia' avuto la dengue) e lo decide il medico; la protezione principale e' evitare le punture di zanzara	The vaccine suits only a few people (for example those who already had dengue) and a doctor decides; avoiding mosquito bites is the main protection	F6+F7	2026-10-03
gm	HEPB	SOME	Da valutare per soggiorni lunghi, cure mediche sul posto o possibili contatti con sangue o a trasmissione sessuale	Consider it for long stays, medical care on the spot or possible blood or sexual contact	F6+F7	2026-10-03
gm	MENACWY	SOME	Da valutare secondo l'area, la stagione e i contatti stretti con la popolazione locale	Consider it depending on the area, the season and close contact with the local population	F6+F7	2026-10-03
gm	RABIES	SOME	Da valutare se si e' a contatto con animali, in aree isolate o per soggiorni lunghi	Consider it if you may be in contact with animals, in remote areas or on a long stay	F6+F7	2026-10-03
gn	HEPA	MOST	Raccomandato alla maggior parte dei viaggiatori (infezione trasmessa da cibo e acqua)	Recommended for most travellers (spread by food and water)	F6+F7	2026-10-03
gn	TYPHOID	MOST	Raccomandato alla maggior parte dei viaggiatori (cibo e acqua non sicuri)	Recommended for most travellers (unsafe food and water)	F6+F7	2026-10-03
gn	YF	MOST	Raccomandato ai viaggiatori: rischio in tutto il paese (a basso potenziale in alcuni casi, chiedi al medico)	Recommended for travellers: risk across the country (low potential in some cases, ask a doctor)	F6+F7	2026-10-03
gn	CHIK	SOME	Da valutare in caso di focolai o soggiorni lunghi; evita le punture di zanzara	Consider it during outbreaks or on long stays; avoid mosquito bites	F6+F7	2026-10-03
gn	CHOLERA	SOME	Da valutare solo per rischi elevati (focolai, lavoro umanitario): contano di piu' cibo e acqua sicuri	Consider it only for higher risks (outbreaks, humanitarian work): safe food and water matter more	F6+F7	2026-10-03
gn	DENGUE	SOME	Il vaccino e' per pochi casi (per esempio chi ha gia' avuto la dengue) e lo decide il medico; la protezione principale e' evitare le punture di zanzara	The vaccine suits only a few people (for example those who already had dengue) and a doctor decides; avoiding mosquito bites is the main protection	F6+F7	2026-10-03
gn	HEPB	SOME	Da valutare per soggiorni lunghi, cure mediche sul posto o possibili contatti con sangue o a trasmissione sessuale	Consider it for long stays, medical care on the spot or possible blood or sexual contact	F6+F7	2026-10-03
gn	MENACWY	SOME	Da valutare secondo l'area, la stagione e i contatti stretti con la popolazione locale	Consider it depending on the area, the season and close contact with the local population	F6+F7	2026-10-03
gn	RABIES	SOME	Da valutare se si e' a contatto con animali, in aree isolate o per soggiorni lunghi	Consider it if you may be in contact with animals, in remote areas or on a long stay	F6+F7	2026-10-03
gp	DENGUE	SOME	Il vaccino e' per pochi casi (per esempio chi ha gia' avuto la dengue) e lo decide il medico; la protezione principale e' evitare le punture di zanzara	The vaccine suits only a few people (for example those who already had dengue) and a doctor decides; avoiding mosquito bites is the main protection	F6+F7	2026-10-03
gp	RABIES	SOME	Rischio solo da pipistrelli: da valutare per chi li maneggia o lavora con la fauna selvatica	Risk from bats only: consider it if you handle bats or work with wildlife	F6+F7	2026-10-03
gq	HEPA	MOST	Raccomandato alla maggior parte dei viaggiatori (infezione trasmessa da cibo e acqua)	Recommended for most travellers (spread by food and water)	F6+F7	2026-10-03
gq	TYPHOID	MOST	Raccomandato alla maggior parte dei viaggiatori (cibo e acqua non sicuri)	Recommended for most travellers (unsafe food and water)	F6+F7	2026-10-03
gq	YF	MOST	Raccomandato ai viaggiatori: rischio in tutto il paese (a basso potenziale in alcuni casi, chiedi al medico)	Recommended for travellers: risk across the country (low potential in some cases, ask a doctor)	F6+F7	2026-10-03
gq	CHIK	SOME	Da valutare in caso di focolai o soggiorni lunghi; evita le punture di zanzara	Consider it during outbreaks or on long stays; avoid mosquito bites	F6+F7	2026-10-03
gq	CHOLERA	SOME	Da valutare solo per rischi elevati (focolai, lavoro umanitario): contano di piu' cibo e acqua sicuri	Consider it only for higher risks (outbreaks, humanitarian work): safe food and water matter more	F7	2026-10-03
gq	DENGUE	SOME	Il vaccino e' per pochi casi (per esempio chi ha gia' avuto la dengue) e lo decide il medico; la protezione principale e' evitare le punture di zanzara	The vaccine suits only a few people (for example those who already had dengue) and a doctor decides; avoiding mosquito bites is the main protection	F6+F7	2026-10-03
gq	HEPB	SOME	Da valutare per soggiorni lunghi, cure mediche sul posto o possibili contatti con sangue o a trasmissione sessuale	Consider it for long stays, medical care on the spot or possible blood or sexual contact	F6+F7	2026-10-03
gq	RABIES	SOME	Da valutare se si e' a contatto con animali, in aree isolate o per soggiorni lunghi	Consider it if you may be in contact with animals, in remote areas or on a long stay	F6+F7	2026-10-03
gr	RABIES	SOME	Rischio solo da pipistrelli: da valutare per chi li maneggia o lavora con la fauna selvatica	Risk from bats only: consider it if you handle bats or work with wildlife	F6+F7	2026-10-03
gt	HEPA	MOST	Raccomandato alla maggior parte dei viaggiatori (infezione trasmessa da cibo e acqua)	Recommended for most travellers (spread by food and water)	F6+F7	2026-10-03
gt	TYPHOID	MOST	Raccomandato alla maggior parte dei viaggiatori (cibo e acqua non sicuri)	Recommended for most travellers (unsafe food and water)	F6+F7	2026-10-03
gt	CHIK	SOME	Da valutare in caso di focolai o soggiorni lunghi; evita le punture di zanzara	Consider it during outbreaks or on long stays; avoid mosquito bites	F6+F7	2026-10-03
gt	DENGUE	SOME	Il vaccino e' per pochi casi (per esempio chi ha gia' avuto la dengue) e lo decide il medico; la protezione principale e' evitare le punture di zanzara	The vaccine suits only a few people (for example those who already had dengue) and a doctor decides; avoiding mosquito bites is the main protection	F6+F7	2026-10-03
gt	RABIES	SOME	Da valutare se si e' a contatto con animali, in aree isolate o per soggiorni lunghi	Consider it if you may be in contact with animals, in remote areas or on a long stay	F6+F7	2026-10-03
gu	DENGUE	SOME	Il vaccino e' per pochi casi (per esempio chi ha gia' avuto la dengue) e lo decide il medico; la protezione principale e' evitare le punture di zanzara	The vaccine suits only a few people (for example those who already had dengue) and a doctor decides; avoiding mosquito bites is the main protection	F6+F7	2026-10-03
gu	HEPA	SOME	Da valutare in base al viaggio e al rischio di cibo e acqua non sicuri	Consider it depending on your trip and exposure to unsafe food and water	F6+F7	2026-10-03
gu	HEPB	SOME	Da valutare per soggiorni lunghi, cure mediche sul posto o possibili contatti con sangue o a trasmissione sessuale	Consider it for long stays, medical care on the spot or possible blood or sexual contact	F6+F7	2026-10-03
gu	RABIES	SOME	Rischio solo da pipistrelli: da valutare per chi li maneggia o lavora con la fauna selvatica	Risk from bats only: consider it if you handle bats or work with wildlife	F6+F7	2026-10-03
gu	TYPHOID	SOME	Da valutare in base a dove si mangia e si dorme e alla durata del soggiorno	Consider it depending on where you eat and sleep and how long you stay	F6+F7	2026-10-03
gw	HEPA	MOST	Raccomandato alla maggior parte dei viaggiatori (infezione trasmessa da cibo e acqua)	Recommended for most travellers (spread by food and water)	F6+F7	2026-10-03
gw	TYPHOID	MOST	Raccomandato alla maggior parte dei viaggiatori (cibo e acqua non sicuri)	Recommended for most travellers (unsafe food and water)	F6+F7	2026-10-03
gw	YF	MOST	Raccomandato ai viaggiatori: rischio in tutto il paese (a basso potenziale in alcuni casi, chiedi al medico)	Recommended for travellers: risk across the country (low potential in some cases, ask a doctor)	F6+F7	2026-10-03
gw	CHIK	SOME	Da valutare in caso di focolai o soggiorni lunghi; evita le punture di zanzara	Consider it during outbreaks or on long stays; avoid mosquito bites	F6+F7	2026-10-03
gw	CHOLERA	SOME	Da valutare solo per rischi elevati (focolai, lavoro umanitario): contano di piu' cibo e acqua sicuri	Consider it only for higher risks (outbreaks, humanitarian work): safe food and water matter more	F6+F7	2026-10-03
gw	DENGUE	SOME	Il vaccino e' per pochi casi (per esempio chi ha gia' avuto la dengue) e lo decide il medico; la protezione principale e' evitare le punture di zanzara	The vaccine suits only a few people (for example those who already had dengue) and a doctor decides; avoiding mosquito bites is the main protection	F6+F7	2026-10-03
gw	HEPB	SOME	Da valutare per soggiorni lunghi, cure mediche sul posto o possibili contatti con sangue o a trasmissione sessuale	Consider it for long stays, medical care on the spot or possible blood or sexual contact	F6+F7	2026-10-03
gw	MENACWY	SOME	Da valutare secondo l'area, la stagione e i contatti stretti con la popolazione locale	Consider it depending on the area, the season and close contact with the local population	F6+F7	2026-10-03
gw	RABIES	SOME	Da valutare se si e' a contatto con animali, in aree isolate o per soggiorni lunghi	Consider it if you may be in contact with animals, in remote areas or on a long stay	F6+F7	2026-10-03
gy	HEPA	MOST	Raccomandato alla maggior parte dei viaggiatori (infezione trasmessa da cibo e acqua)	Recommended for most travellers (spread by food and water)	F6+F7	2026-10-03
gy	YF	MOST	Raccomandato ai viaggiatori: rischio in tutto il paese (a basso potenziale in alcuni casi, chiedi al medico)	Recommended for travellers: risk across the country (low potential in some cases, ask a doctor)	F6+F7	2026-10-03
gy	CHIK	SOME	Da valutare in caso di focolai o soggiorni lunghi; evita le punture di zanzara	Consider it during outbreaks or on long stays; avoid mosquito bites	F6+F7	2026-10-03
gy	DENGUE	SOME	Il vaccino e' per pochi casi (per esempio chi ha gia' avuto la dengue) e lo decide il medico; la protezione principale e' evitare le punture di zanzara	The vaccine suits only a few people (for example those who already had dengue) and a doctor decides; avoiding mosquito bites is the main protection	F6+F7	2026-10-03
gy	HEPB	SOME	Da valutare per soggiorni lunghi, cure mediche sul posto o possibili contatti con sangue o a trasmissione sessuale	Consider it for long stays, medical care on the spot or possible blood or sexual contact	F6+F7	2026-10-03
gy	RABIES	SOME	Da valutare se si e' a contatto con animali, in aree isolate o per soggiorni lunghi	Consider it if you may be in contact with animals, in remote areas or on a long stay	F6+F7	2026-10-03
gy	TYPHOID	SOME	Da valutare in base a dove si mangia e si dorme e alla durata del soggiorno	Consider it depending on where you eat and sleep and how long you stay	F7	2026-10-03
hk	CHIK	SOME	Da valutare in caso di focolai o soggiorni lunghi; evita le punture di zanzara	Consider it during outbreaks or on long stays; avoid mosquito bites	F6+F7	2026-10-04
hk	DENGUE	SOME	Il vaccino e' per pochi casi (per esempio chi ha gia' avuto la dengue) e lo decide il medico; la protezione principale e' evitare le punture di zanzara	The vaccine suits only a few people (for example those who already had dengue) and a doctor decides; avoiding mosquito bites is the main protection	F6+F7	2026-10-04
hk	HEPA	SOME	Da valutare in base al viaggio e al rischio di cibo e acqua non sicuri	Consider it depending on your trip and exposure to unsafe food and water	F6+F7	2026-10-04
hk	HEPB	SOME	Da valutare per soggiorni lunghi, cure mediche sul posto o possibili contatti con sangue o a trasmissione sessuale	Consider it for long stays, medical care on the spot or possible blood or sexual contact	F6+F7	2026-10-04
hk	JE	SOME	Da valutare per soggiorni lunghi o in zone rurali, soprattutto nella stagione di trasmissione	Consider it for long stays or rural areas, especially in the transmission season	F6+F7	2026-10-04
hk	RABIES	SOME	Da valutare se si e' a contatto con animali, in aree isolate o per soggiorni lunghi	Consider it if you may be in contact with animals, in remote areas or on a long stay	F6+F7	2026-10-04
hk	TYPHOID	SOME	Da valutare in base a dove si mangia e si dorme e alla durata del soggiorno	Consider it depending on where you eat and sleep and how long you stay	F6+F7	2026-10-04
hn	HEPA	MOST	Raccomandato alla maggior parte dei viaggiatori (infezione trasmessa da cibo e acqua)	Recommended for most travellers (spread by food and water)	F6+F7	2026-10-04
hn	TYPHOID	MOST	Raccomandato alla maggior parte dei viaggiatori (cibo e acqua non sicuri)	Recommended for most travellers (unsafe food and water)	F7	2026-10-04
hn	CHIK	SOME	Da valutare in caso di focolai o soggiorni lunghi; evita le punture di zanzara	Consider it during outbreaks or on long stays; avoid mosquito bites	F6+F7	2026-10-04
hn	DENGUE	SOME	Il vaccino e' per pochi casi (per esempio chi ha gia' avuto la dengue) e lo decide il medico; la protezione principale e' evitare le punture di zanzara	The vaccine suits only a few people (for example those who already had dengue) and a doctor decides; avoiding mosquito bites is the main protection	F6+F7	2026-10-04
hn	RABIES	SOME	Da valutare se si e' a contatto con animali, in aree isolate o per soggiorni lunghi	Consider it if you may be in contact with animals, in remote areas or on a long stay	F6+F7	2026-10-04
hr	HEPA	SOME	Da valutare in base al viaggio e al rischio di cibo e acqua non sicuri	Consider it depending on your trip and exposure to unsafe food and water	F6+F7	2026-10-03
hr	RABIES	SOME	Da valutare se si e' a contatto con animali, in aree isolate o per soggiorni lunghi	Consider it if you may be in contact with animals, in remote areas or on a long stay	F6+F7	2026-10-03
hr	TBE	SOME	Da valutare per escursioni, campeggio o lavoro nei boschi nella stagione delle zecche	Consider it for hiking, camping or forest work in the tick season	F6+F7	2026-10-03
ht	HEPA	MOST	Raccomandato alla maggior parte dei viaggiatori (infezione trasmessa da cibo e acqua)	Recommended for most travellers (spread by food and water)	F6+F7	2026-10-03
ht	TYPHOID	MOST	Raccomandato alla maggior parte dei viaggiatori (cibo e acqua non sicuri)	Recommended for most travellers (unsafe food and water)	F7	2026-10-03
ht	CHIK	SOME	Da valutare in caso di focolai o soggiorni lunghi; evita le punture di zanzara	Consider it during outbreaks or on long stays; avoid mosquito bites	F6+F7	2026-10-03
ht	CHOLERA	SOME	Da valutare solo per rischi elevati (focolai, lavoro umanitario): contano di piu' cibo e acqua sicuri	Consider it only for higher risks (outbreaks, humanitarian work): safe food and water matter more	F6+F7	2026-10-03
ht	DENGUE	SOME	Il vaccino e' per pochi casi (per esempio chi ha gia' avuto la dengue) e lo decide il medico; la protezione principale e' evitare le punture di zanzara	The vaccine suits only a few people (for example those who already had dengue) and a doctor decides; avoiding mosquito bites is the main protection	F6+F7	2026-10-03
ht	HEPB	SOME	Da valutare per soggiorni lunghi, cure mediche sul posto o possibili contatti con sangue o a trasmissione sessuale	Consider it for long stays, medical care on the spot or possible blood or sexual contact	F6+F7	2026-10-03
ht	RABIES	SOME	Da valutare se si e' a contatto con animali, in aree isolate o per soggiorni lunghi	Consider it if you may be in contact with animals, in remote areas or on a long stay	F6+F7	2026-10-03
hu	RABIES	SOME	Da valutare se si e' a contatto con animali, in aree isolate o per soggiorni lunghi	Consider it if you may be in contact with animals, in remote areas or on a long stay	F6+F7	2026-10-03
hu	TBE	SOME	Da valutare per escursioni, campeggio o lavoro nei boschi nella stagione delle zecche	Consider it for hiking, camping or forest work in the tick season	F6+F7	2026-10-03
ic	RABIES	SOME	Da valutare se si e' a contatto con animali, in aree isolate o per soggiorni lunghi	Consider it if you may be in contact with animals, in remote areas or on a long stay	F6+F7	2026-10-03
id	HEPA	MOST	Raccomandato alla maggior parte dei viaggiatori (infezione trasmessa da cibo e acqua)	Recommended for most travellers (spread by food and water)	F6+F7	2026-10-03
id	TYPHOID	MOST	Raccomandato alla maggior parte dei viaggiatori (cibo e acqua non sicuri)	Recommended for most travellers (unsafe food and water)	F6+F7	2026-10-03
id	CHIK	SOME	Da valutare in caso di focolai o soggiorni lunghi; evita le punture di zanzara	Consider it during outbreaks or on long stays; avoid mosquito bites	F6+F7	2026-10-03
id	DENGUE	SOME	Il vaccino e' per pochi casi (per esempio chi ha gia' avuto la dengue) e lo decide il medico; la protezione principale e' evitare le punture di zanzara	The vaccine suits only a few people (for example those who already had dengue) and a doctor decides; avoiding mosquito bites is the main protection	F6+F7	2026-10-03
id	HEPB	SOME	Da valutare per soggiorni lunghi, cure mediche sul posto o possibili contatti con sangue o a trasmissione sessuale	Consider it for long stays, medical care on the spot or possible blood or sexual contact	F6+F7	2026-10-03
id	JE	SOME	Da valutare per soggiorni lunghi o in zone rurali, soprattutto nella stagione di trasmissione	Consider it for long stays or rural areas, especially in the transmission season	F6+F7	2026-10-03
id	RABIES	SOME	Da valutare se si e' a contatto con animali, in aree isolate o per soggiorni lunghi	Consider it if you may be in contact with animals, in remote areas or on a long stay	F6+F7	2026-10-03
ie	RABIES	SOME	Rischio solo da pipistrelli: da valutare per chi li maneggia o lavora con la fauna selvatica	Risk from bats only: consider it if you handle bats or work with wildlife	F6+F7	2026-10-03
il	RABIES	SOME	Da valutare se si e' a contatto con animali, in aree isolate o per soggiorni lunghi	Consider it if you may be in contact with animals, in remote areas or on a long stay	F6+F7	2026-10-03
il	TYPHOID	SOME	Da valutare in base a dove si mangia e si dorme e alla durata del soggiorno	Consider it depending on where you eat and sleep and how long you stay	F6+F7	2026-10-03
in	HEPA	MOST	Raccomandato alla maggior parte dei viaggiatori (infezione trasmessa da cibo e acqua)	Recommended for most travellers (spread by food and water)	F6+F7	2026-10-04
in	TYPHOID	MOST	Raccomandato alla maggior parte dei viaggiatori (cibo e acqua non sicuri)	Recommended for most travellers (unsafe food and water)	F6+F7	2026-10-04
in	CHIK	SOME	Da valutare in caso di focolai o soggiorni lunghi; evita le punture di zanzara	Consider it during outbreaks or on long stays; avoid mosquito bites	F6+F7	2026-10-04
in	CHOLERA	SOME	Da valutare solo per rischi elevati (focolai, lavoro umanitario): contano di piu' cibo e acqua sicuri	Consider it only for higher risks (outbreaks, humanitarian work): safe food and water matter more	F6+F7	2026-10-04
in	DENGUE	SOME	Il vaccino e' per pochi casi (per esempio chi ha gia' avuto la dengue) e lo decide il medico; la protezione principale e' evitare le punture di zanzara	The vaccine suits only a few people (for example those who already had dengue) and a doctor decides; avoiding mosquito bites is the main protection	F6+F7	2026-10-04
in	HEPB	SOME	Da valutare per soggiorni lunghi, cure mediche sul posto o possibili contatti con sangue o a trasmissione sessuale	Consider it for long stays, medical care on the spot or possible blood or sexual contact	F6+F7	2026-10-04
in	JE	SOME	Da valutare per soggiorni lunghi o in zone rurali, soprattutto nella stagione di trasmissione	Consider it for long stays or rural areas, especially in the transmission season	F6+F7	2026-10-04
in	RABIES	SOME	Da valutare se si e' a contatto con animali, in aree isolate o per soggiorni lunghi	Consider it if you may be in contact with animals, in remote areas or on a long stay	F6+F7	2026-10-04
iq	HEPA	MOST	Raccomandato alla maggior parte dei viaggiatori (infezione trasmessa da cibo e acqua)	Recommended for most travellers (spread by food and water)	F6+F7	2026-10-03
iq	TYPHOID	MOST	Raccomandato alla maggior parte dei viaggiatori (cibo e acqua non sicuri)	Recommended for most travellers (unsafe food and water)	F6+F7	2026-10-03
iq	CHOLERA	SOME	Da valutare solo per rischi elevati (focolai, lavoro umanitario): contano di piu' cibo e acqua sicuri	Consider it only for higher risks (outbreaks, humanitarian work): safe food and water matter more	F6+F7	2026-10-03
iq	HEPB	SOME	Da valutare per soggiorni lunghi, cure mediche sul posto o possibili contatti con sangue o a trasmissione sessuale	Consider it for long stays, medical care on the spot or possible blood or sexual contact	F6+F7	2026-10-03
iq	RABIES	SOME	Da valutare se si e' a contatto con animali, in aree isolate o per soggiorni lunghi	Consider it if you may be in contact with animals, in remote areas or on a long stay	F6+F7	2026-10-03
ir	HEPA	MOST	Raccomandato alla maggior parte dei viaggiatori (infezione trasmessa da cibo e acqua)	Recommended for most travellers (spread by food and water)	F6+F7	2026-10-03
ir	CHOLERA	SOME	Da valutare solo per rischi elevati (focolai, lavoro umanitario): contano di piu' cibo e acqua sicuri	Consider it only for higher risks (outbreaks, humanitarian work): safe food and water matter more	F6+F7	2026-10-03
ir	DENGUE	SOME	Il vaccino e' per pochi casi (per esempio chi ha gia' avuto la dengue) e lo decide il medico; la protezione principale e' evitare le punture di zanzara	The vaccine suits only a few people (for example those who already had dengue) and a doctor decides; avoiding mosquito bites is the main protection	F6+F7	2026-10-03
ir	HEPB	SOME	Da valutare per soggiorni lunghi, cure mediche sul posto o possibili contatti con sangue o a trasmissione sessuale	Consider it for long stays, medical care on the spot or possible blood or sexual contact	F6+F7	2026-10-03
ir	RABIES	SOME	Da valutare se si e' a contatto con animali, in aree isolate o per soggiorni lunghi	Consider it if you may be in contact with animals, in remote areas or on a long stay	F6+F7	2026-10-03
ir	TYPHOID	SOME	Da valutare in base a dove si mangia e si dorme e alla durata del soggiorno	Consider it depending on where you eat and sleep and how long you stay	F6+F7	2026-10-03
is	RABIES	SOME	Rischio solo da pipistrelli: da valutare per chi li maneggia o lavora con la fauna selvatica	Risk from bats only: consider it if you handle bats or work with wildlife	F6+F7	2026-10-03
it	RABIES	SOME	Rischio solo da pipistrelli: da valutare per chi li maneggia o lavora con la fauna selvatica	Risk from bats only: consider it if you handle bats or work with wildlife	F6+F7	2026-10-03
it	TBE	SOME	Da valutare per escursioni, campeggio o lavoro nei boschi nella stagione delle zecche	Consider it for hiking, camping or forest work in the tick season	F6+F7	2026-10-03
jm	HEPA	MOST	Raccomandato alla maggior parte dei viaggiatori (infezione trasmessa da cibo e acqua)	Recommended for most travellers (spread by food and water)	F6+F7	2026-10-03
jm	CHIK	SOME	Da valutare in caso di focolai o soggiorni lunghi; evita le punture di zanzara	Consider it during outbreaks or on long stays; avoid mosquito bites	F6+F7	2026-10-03
jm	DENGUE	SOME	Il vaccino e' per pochi casi (per esempio chi ha gia' avuto la dengue) e lo decide il medico; la protezione principale e' evitare le punture di zanzara	The vaccine suits only a few people (for example those who already had dengue) and a doctor decides; avoiding mosquito bites is the main protection	F6+F7	2026-10-03
jm	HEPB	SOME	Da valutare per soggiorni lunghi, cure mediche sul posto o possibili contatti con sangue o a trasmissione sessuale	Consider it for long stays, medical care on the spot or possible blood or sexual contact	F6+F7	2026-10-03
jm	RABIES	SOME	Rischio solo da pipistrelli: da valutare per chi li maneggia o lavora con la fauna selvatica	Risk from bats only: consider it if you handle bats or work with wildlife	F6+F7	2026-10-03
jm	TYPHOID	SOME	Da valutare in base a dove si mangia e si dorme e alla durata del soggiorno	Consider it depending on where you eat and sleep and how long you stay	F7	2026-10-03
jo	HEPA	MOST	Raccomandato alla maggior parte dei viaggiatori (infezione trasmessa da cibo e acqua)	Recommended for most travellers (spread by food and water)	F6+F7	2026-10-04
jo	HEPB	SOME	Da valutare per soggiorni lunghi, cure mediche sul posto o possibili contatti con sangue o a trasmissione sessuale	Consider it for long stays, medical care on the spot or possible blood or sexual contact	F6+F7	2026-10-04
jo	RABIES	SOME	Da valutare se si e' a contatto con animali, in aree isolate o per soggiorni lunghi	Consider it if you may be in contact with animals, in remote areas or on a long stay	F6+F7	2026-10-04
jo	TYPHOID	SOME	Da valutare in base a dove si mangia e si dorme e alla durata del soggiorno	Consider it depending on where you eat and sleep and how long you stay	F6+F7	2026-10-04
jp	DENGUE	SOME	Il vaccino e' per pochi casi (per esempio chi ha gia' avuto la dengue) e lo decide il medico; la protezione principale e' evitare le punture di zanzara	The vaccine suits only a few people (for example those who already had dengue) and a doctor decides; avoiding mosquito bites is the main protection	F6+F7	2026-10-03
jp	HEPB	SOME	Da valutare per soggiorni lunghi, cure mediche sul posto o possibili contatti con sangue o a trasmissione sessuale	Consider it for long stays, medical care on the spot or possible blood or sexual contact	F6+F7	2026-10-03
jp	JE	SOME	Da valutare per soggiorni lunghi o in zone rurali, soprattutto nella stagione di trasmissione	Consider it for long stays or rural areas, especially in the transmission season	F6+F7	2026-10-03
jp	RABIES	SOME	Rischio solo da pipistrelli: da valutare per chi li maneggia o lavora con la fauna selvatica	Risk from bats only: consider it if you handle bats or work with wildlife	F6+F7	2026-10-03
jp	TBE	SOME	Da valutare per escursioni, campeggio o lavoro nei boschi nella stagione delle zecche	Consider it for hiking, camping or forest work in the tick season	F6+F7	2026-10-03
ke	HEPA	MOST	Raccomandato alla maggior parte dei viaggiatori (infezione trasmessa da cibo e acqua)	Recommended for most travellers (spread by food and water)	F6+F7	2026-10-03
ke	TYPHOID	MOST	Raccomandato alla maggior parte dei viaggiatori (cibo e acqua non sicuri)	Recommended for most travellers (unsafe food and water)	F6+F7	2026-10-03
ke	CHIK	SOME	Da valutare in caso di focolai o soggiorni lunghi; evita le punture di zanzara	Consider it during outbreaks or on long stays; avoid mosquito bites	F6+F7	2026-10-03
ke	CHOLERA	SOME	Da valutare solo per rischi elevati (focolai, lavoro umanitario): contano di piu' cibo e acqua sicuri	Consider it only for higher risks (outbreaks, humanitarian work): safe food and water matter more	F6+F7	2026-10-03
ke	DENGUE	SOME	Il vaccino e' per pochi casi (per esempio chi ha gia' avuto la dengue) e lo decide il medico; la protezione principale e' evitare le punture di zanzara	The vaccine suits only a few people (for example those who already had dengue) and a doctor decides; avoiding mosquito bites is the main protection	F6+F7	2026-10-03
ke	HEPB	SOME	Da valutare per soggiorni lunghi, cure mediche sul posto o possibili contatti con sangue o a trasmissione sessuale	Consider it for long stays, medical care on the spot or possible blood or sexual contact	F6+F7	2026-10-03
ke	MENACWY	SOME	Da valutare secondo l'area, la stagione e i contatti stretti con la popolazione locale	Consider it depending on the area, the season and close contact with the local population	F6+F7	2026-10-03
ke	RABIES	SOME	Da valutare se si e' a contatto con animali, in aree isolate o per soggiorni lunghi	Consider it if you may be in contact with animals, in remote areas or on a long stay	F6+F7	2026-10-03
ke	YF	SOME	Raccomandato nelle aree a rischio, non in tutto il paese: dipende dall'itinerario	Recommended in the risk areas, not the whole country: depends on your itinerary	F6+F7	2026-10-03
kg	HEPA	MOST	Raccomandato alla maggior parte dei viaggiatori (infezione trasmessa da cibo e acqua)	Recommended for most travellers (spread by food and water)	F6+F7	2026-10-03
kg	HEPB	SOME	Da valutare per soggiorni lunghi, cure mediche sul posto o possibili contatti con sangue o a trasmissione sessuale	Consider it for long stays, medical care on the spot or possible blood or sexual contact	F6+F7	2026-10-03
kg	RABIES	SOME	Da valutare se si e' a contatto con animali, in aree isolate o per soggiorni lunghi	Consider it if you may be in contact with animals, in remote areas or on a long stay	F6+F7	2026-10-03
kg	TBE	SOME	Da valutare per escursioni, campeggio o lavoro nei boschi nella stagione delle zecche	Consider it for hiking, camping or forest work in the tick season	F6+F7	2026-10-03
kg	TYPHOID	SOME	Da valutare in base a dove si mangia e si dorme e alla durata del soggiorno	Consider it depending on where you eat and sleep and how long you stay	F7	2026-10-03
kh	HEPA	MOST	Raccomandato alla maggior parte dei viaggiatori (infezione trasmessa da cibo e acqua)	Recommended for most travellers (spread by food and water)	F6+F7	2026-10-03
kh	TYPHOID	MOST	Raccomandato alla maggior parte dei viaggiatori (cibo e acqua non sicuri)	Recommended for most travellers (unsafe food and water)	F6+F7	2026-10-03
kh	CHIK	SOME	Da valutare in caso di focolai o soggiorni lunghi; evita le punture di zanzara	Consider it during outbreaks or on long stays; avoid mosquito bites	F6+F7	2026-10-03
kh	DENGUE	SOME	Il vaccino e' per pochi casi (per esempio chi ha gia' avuto la dengue) e lo decide il medico; la protezione principale e' evitare le punture di zanzara	The vaccine suits only a few people (for example those who already had dengue) and a doctor decides; avoiding mosquito bites is the main protection	F6+F7	2026-10-03
kh	HEPB	SOME	Da valutare per soggiorni lunghi, cure mediche sul posto o possibili contatti con sangue o a trasmissione sessuale	Consider it for long stays, medical care on the spot or possible blood or sexual contact	F6+F7	2026-10-03
kh	JE	SOME	Da valutare per soggiorni lunghi o in zone rurali, soprattutto nella stagione di trasmissione	Consider it for long stays or rural areas, especially in the transmission season	F6+F7	2026-10-03
kh	RABIES	SOME	Da valutare se si e' a contatto con animali, in aree isolate o per soggiorni lunghi	Consider it if you may be in contact with animals, in remote areas or on a long stay	F6+F7	2026-10-03
ki	HEPA	MOST	Raccomandato alla maggior parte dei viaggiatori (infezione trasmessa da cibo e acqua)	Recommended for most travellers (spread by food and water)	F6+F7	2026-10-03
ki	TYPHOID	MOST	Raccomandato alla maggior parte dei viaggiatori (cibo e acqua non sicuri)	Recommended for most travellers (unsafe food and water)	F6+F7	2026-10-03
ki	DENGUE	SOME	Il vaccino e' per pochi casi (per esempio chi ha gia' avuto la dengue) e lo decide il medico; la protezione principale e' evitare le punture di zanzara	The vaccine suits only a few people (for example those who already had dengue) and a doctor decides; avoiding mosquito bites is the main protection	F6+F7	2026-10-03
ki	HEPB	SOME	Da valutare per soggiorni lunghi, cure mediche sul posto o possibili contatti con sangue o a trasmissione sessuale	Consider it for long stays, medical care on the spot or possible blood or sexual contact	F6+F7	2026-10-03
ki	RABIES	SOME	Rischio solo da pipistrelli: da valutare per chi li maneggia o lavora con la fauna selvatica	Risk from bats only: consider it if you handle bats or work with wildlife	F6+F7	2026-10-03
km	HEPA	MOST	Raccomandato alla maggior parte dei viaggiatori (infezione trasmessa da cibo e acqua)	Recommended for most travellers (spread by food and water)	F6+F7	2026-10-03
km	TYPHOID	MOST	Raccomandato alla maggior parte dei viaggiatori (cibo e acqua non sicuri)	Recommended for most travellers (unsafe food and water)	F6+F7	2026-10-03
km	CHOLERA	SOME	Da valutare solo per rischi elevati (focolai, lavoro umanitario): contano di piu' cibo e acqua sicuri	Consider it only for higher risks (outbreaks, humanitarian work): safe food and water matter more	F7	2026-10-03
km	DENGUE	SOME	Il vaccino e' per pochi casi (per esempio chi ha gia' avuto la dengue) e lo decide il medico; la protezione principale e' evitare le punture di zanzara	The vaccine suits only a few people (for example those who already had dengue) and a doctor decides; avoiding mosquito bites is the main protection	F6+F7	2026-10-03
km	HEPB	SOME	Da valutare per soggiorni lunghi, cure mediche sul posto o possibili contatti con sangue o a trasmissione sessuale	Consider it for long stays, medical care on the spot or possible blood or sexual contact	F6+F7	2026-10-03
km	RABIES	SOME	Da valutare se si e' a contatto con animali, in aree isolate o per soggiorni lunghi	Consider it if you may be in contact with animals, in remote areas or on a long stay	F6+F7	2026-10-03
kn	DENGUE	SOME	Il vaccino e' per pochi casi (per esempio chi ha gia' avuto la dengue) e lo decide il medico; la protezione principale e' evitare le punture di zanzara	The vaccine suits only a few people (for example those who already had dengue) and a doctor decides; avoiding mosquito bites is the main protection	F6+F7	2026-10-03
kn	HEPA	SOME	Da valutare in base al viaggio e al rischio di cibo e acqua non sicuri	Consider it depending on your trip and exposure to unsafe food and water	F6+F7	2026-10-03
kn	RABIES	SOME	Rischio solo da pipistrelli: da valutare per chi li maneggia o lavora con la fauna selvatica	Risk from bats only: consider it if you handle bats or work with wildlife	F6+F7	2026-10-03
kp	HEPA	MOST	Raccomandato alla maggior parte dei viaggiatori (infezione trasmessa da cibo e acqua)	Recommended for most travellers (spread by food and water)	F6+F7	2026-10-03
kp	TYPHOID	MOST	Raccomandato alla maggior parte dei viaggiatori (cibo e acqua non sicuri)	Recommended for most travellers (unsafe food and water)	F6+F7	2026-10-03
kp	HEPB	SOME	Da valutare per soggiorni lunghi, cure mediche sul posto o possibili contatti con sangue o a trasmissione sessuale	Consider it for long stays, medical care on the spot or possible blood or sexual contact	F6+F7	2026-10-03
kp	JE	SOME	Da valutare per soggiorni lunghi o in zone rurali, soprattutto nella stagione di trasmissione	Consider it for long stays or rural areas, especially in the transmission season	F6+F7	2026-10-03
kp	RABIES	SOME	Da valutare se si e' a contatto con animali, in aree isolate o per soggiorni lunghi	Consider it if you may be in contact with animals, in remote areas or on a long stay	F6+F7	2026-10-03
kr	HEPA	SOME	Da valutare in base al viaggio e al rischio di cibo e acqua non sicuri	Consider it depending on your trip and exposure to unsafe food and water	F6+F7	2026-10-03
kr	HEPB	SOME	Da valutare per soggiorni lunghi, cure mediche sul posto o possibili contatti con sangue o a trasmissione sessuale	Consider it for long stays, medical care on the spot or possible blood or sexual contact	F6+F7	2026-10-03
kr	JE	SOME	Da valutare per soggiorni lunghi o in zone rurali, soprattutto nella stagione di trasmissione	Consider it for long stays or rural areas, especially in the transmission season	F6+F7	2026-10-03
kr	RABIES	SOME	Da valutare se si e' a contatto con animali, in aree isolate o per soggiorni lunghi	Consider it if you may be in contact with animals, in remote areas or on a long stay	F6+F7	2026-10-03
kw	HEPA	SOME	Da valutare in base al viaggio e al rischio di cibo e acqua non sicuri	Consider it depending on your trip and exposure to unsafe food and water	F6+F7	2026-10-03
kw	HEPB	SOME	Da valutare per soggiorni lunghi, cure mediche sul posto o possibili contatti con sangue o a trasmissione sessuale	Consider it for long stays, medical care on the spot or possible blood or sexual contact	F6+F7	2026-10-03
kw	RABIES	SOME	Da valutare se si e' a contatto con animali, in aree isolate o per soggiorni lunghi	Consider it if you may be in contact with animals, in remote areas or on a long stay	F6+F7	2026-10-03
kw	TYPHOID	SOME	Da valutare in base a dove si mangia e si dorme e alla durata del soggiorno	Consider it depending on where you eat and sleep and how long you stay	F6+F7	2026-10-03
ky	DENGUE	SOME	Il vaccino e' per pochi casi (per esempio chi ha gia' avuto la dengue) e lo decide il medico; la protezione principale e' evitare le punture di zanzara	The vaccine suits only a few people (for example those who already had dengue) and a doctor decides; avoiding mosquito bites is the main protection	F6+F7	2026-10-03
ky	HEPA	SOME	Da valutare in base al viaggio e al rischio di cibo e acqua non sicuri	Consider it depending on your trip and exposure to unsafe food and water	F6+F7	2026-10-03
ky	HEPB	SOME	Da valutare per soggiorni lunghi, cure mediche sul posto o possibili contatti con sangue o a trasmissione sessuale	Consider it for long stays, medical care on the spot or possible blood or sexual contact	F6+F7	2026-10-03
ky	RABIES	SOME	Rischio solo da pipistrelli: da valutare per chi li maneggia o lavora con la fauna selvatica	Risk from bats only: consider it if you handle bats or work with wildlife	F6+F7	2026-10-03
kz	HEPA	SOME	Da valutare in base al viaggio e al rischio di cibo e acqua non sicuri	Consider it depending on your trip and exposure to unsafe food and water	F6+F7	2026-10-04
kz	HEPB	SOME	Da valutare per soggiorni lunghi, cure mediche sul posto o possibili contatti con sangue o a trasmissione sessuale	Consider it for long stays, medical care on the spot or possible blood or sexual contact	F6+F7	2026-10-04
kz	RABIES	SOME	Da valutare se si e' a contatto con animali, in aree isolate o per soggiorni lunghi	Consider it if you may be in contact with animals, in remote areas or on a long stay	F6+F7	2026-10-04
kz	TBE	SOME	Da valutare per escursioni, campeggio o lavoro nei boschi nella stagione delle zecche	Consider it for hiking, camping or forest work in the tick season	F6+F7	2026-10-04
kz	TYPHOID	SOME	Da valutare in base a dove si mangia e si dorme e alla durata del soggiorno	Consider it depending on where you eat and sleep and how long you stay	F7	2026-10-04
la	HEPA	MOST	Raccomandato alla maggior parte dei viaggiatori (infezione trasmessa da cibo e acqua)	Recommended for most travellers (spread by food and water)	F6+F7	2026-10-03
la	TYPHOID	MOST	Raccomandato alla maggior parte dei viaggiatori (cibo e acqua non sicuri)	Recommended for most travellers (unsafe food and water)	F6+F7	2026-10-03
la	CHIK	SOME	Da valutare in caso di focolai o soggiorni lunghi; evita le punture di zanzara	Consider it during outbreaks or on long stays; avoid mosquito bites	F6+F7	2026-10-03
la	DENGUE	SOME	Il vaccino e' per pochi casi (per esempio chi ha gia' avuto la dengue) e lo decide il medico; la protezione principale e' evitare le punture di zanzara	The vaccine suits only a few people (for example those who already had dengue) and a doctor decides; avoiding mosquito bites is the main protection	F6+F7	2026-10-03
la	HEPB	SOME	Da valutare per soggiorni lunghi, cure mediche sul posto o possibili contatti con sangue o a trasmissione sessuale	Consider it for long stays, medical care on the spot or possible blood or sexual contact	F6+F7	2026-10-03
la	JE	SOME	Da valutare per soggiorni lunghi o in zone rurali, soprattutto nella stagione di trasmissione	Consider it for long stays or rural areas, especially in the transmission season	F6+F7	2026-10-03
la	RABIES	SOME	Da valutare se si e' a contatto con animali, in aree isolate o per soggiorni lunghi	Consider it if you may be in contact with animals, in remote areas or on a long stay	F6+F7	2026-10-03
lb	HEPA	MOST	Raccomandato alla maggior parte dei viaggiatori (infezione trasmessa da cibo e acqua)	Recommended for most travellers (spread by food and water)	F6+F7	2026-10-03
lb	CHOLERA	SOME	Da valutare solo per rischi elevati (focolai, lavoro umanitario): contano di piu' cibo e acqua sicuri	Consider it only for higher risks (outbreaks, humanitarian work): safe food and water matter more	F6+F7	2026-10-03
lb	HEPB	SOME	Da valutare per soggiorni lunghi, cure mediche sul posto o possibili contatti con sangue o a trasmissione sessuale	Consider it for long stays, medical care on the spot or possible blood or sexual contact	F6+F7	2026-10-03
lb	RABIES	SOME	Da valutare se si e' a contatto con animali, in aree isolate o per soggiorni lunghi	Consider it if you may be in contact with animals, in remote areas or on a long stay	F6+F7	2026-10-03
lb	TYPHOID	SOME	Da valutare in base a dove si mangia e si dorme e alla durata del soggiorno	Consider it depending on where you eat and sleep and how long you stay	F6+F7	2026-10-03
lc	CHIK	SOME	Da valutare in caso di focolai o soggiorni lunghi; evita le punture di zanzara	Consider it during outbreaks or on long stays; avoid mosquito bites	F6+F7	2026-10-04
lc	DENGUE	SOME	Il vaccino e' per pochi casi (per esempio chi ha gia' avuto la dengue) e lo decide il medico; la protezione principale e' evitare le punture di zanzara	The vaccine suits only a few people (for example those who already had dengue) and a doctor decides; avoiding mosquito bites is the main protection	F6+F7	2026-10-04
lc	HEPA	SOME	Da valutare in base al viaggio e al rischio di cibo e acqua non sicuri	Consider it depending on your trip and exposure to unsafe food and water	F6+F7	2026-10-04
lc	RABIES	SOME	Rischio solo da pipistrelli: da valutare per chi li maneggia o lavora con la fauna selvatica	Risk from bats only: consider it if you handle bats or work with wildlife	F6+F7	2026-10-04
li	RABIES	SOME	Rischio solo da pipistrelli: da valutare per chi li maneggia o lavora con la fauna selvatica	Risk from bats only: consider it if you handle bats or work with wildlife	F6+F7	2026-10-03
li	TBE	SOME	Da valutare per escursioni, campeggio o lavoro nei boschi nella stagione delle zecche	Consider it for hiking, camping or forest work in the tick season	F6+F7	2026-10-03
lk	CHIK	SOME	Da valutare in caso di focolai o soggiorni lunghi; evita le punture di zanzara	Consider it during outbreaks or on long stays; avoid mosquito bites	F6+F7	2026-10-03
lk	CHOLERA	SOME	Da valutare solo per rischi elevati (focolai, lavoro umanitario): contano di piu' cibo e acqua sicuri	Consider it only for higher risks (outbreaks, humanitarian work): safe food and water matter more	F7	2026-10-03
lk	DENGUE	SOME	Il vaccino e' per pochi casi (per esempio chi ha gia' avuto la dengue) e lo decide il medico; la protezione principale e' evitare le punture di zanzara	The vaccine suits only a few people (for example those who already had dengue) and a doctor decides; avoiding mosquito bites is the main protection	F6+F7	2026-10-03
lk	HEPA	SOME	Da valutare in base al viaggio e al rischio di cibo e acqua non sicuri	Consider it depending on your trip and exposure to unsafe food and water	F6+F7	2026-10-03
lk	HEPB	SOME	Da valutare per soggiorni lunghi, cure mediche sul posto o possibili contatti con sangue o a trasmissione sessuale	Consider it for long stays, medical care on the spot or possible blood or sexual contact	F6+F7	2026-10-03
lk	JE	SOME	Da valutare per soggiorni lunghi o in zone rurali, soprattutto nella stagione di trasmissione	Consider it for long stays or rural areas, especially in the transmission season	F6+F7	2026-10-03
lk	RABIES	SOME	Da valutare se si e' a contatto con animali, in aree isolate o per soggiorni lunghi	Consider it if you may be in contact with animals, in remote areas or on a long stay	F6+F7	2026-10-03
lk	TYPHOID	SOME	Da valutare in base a dove si mangia e si dorme e alla durata del soggiorno	Consider it depending on where you eat and sleep and how long you stay	F6+F7	2026-10-03
lr	HEPA	MOST	Raccomandato alla maggior parte dei viaggiatori (infezione trasmessa da cibo e acqua)	Recommended for most travellers (spread by food and water)	F6+F7	2026-10-03
lr	TYPHOID	MOST	Raccomandato alla maggior parte dei viaggiatori (cibo e acqua non sicuri)	Recommended for most travellers (unsafe food and water)	F6+F7	2026-10-03
lr	YF	MOST	Raccomandato ai viaggiatori: rischio in tutto il paese (a basso potenziale in alcuni casi, chiedi al medico)	Recommended for travellers: risk across the country (low potential in some cases, ask a doctor)	F6+F7	2026-10-03
lr	CHIK	SOME	Da valutare in caso di focolai o soggiorni lunghi; evita le punture di zanzara	Consider it during outbreaks or on long stays; avoid mosquito bites	F6+F7	2026-10-03
lr	CHOLERA	SOME	Da valutare solo per rischi elevati (focolai, lavoro umanitario): contano di piu' cibo e acqua sicuri	Consider it only for higher risks (outbreaks, humanitarian work): safe food and water matter more	F6+F7	2026-10-03
lr	DENGUE	SOME	Il vaccino e' per pochi casi (per esempio chi ha gia' avuto la dengue) e lo decide il medico; la protezione principale e' evitare le punture di zanzara	The vaccine suits only a few people (for example those who already had dengue) and a doctor decides; avoiding mosquito bites is the main protection	F6+F7	2026-10-03
lr	HEPB	SOME	Da valutare per soggiorni lunghi, cure mediche sul posto o possibili contatti con sangue o a trasmissione sessuale	Consider it for long stays, medical care on the spot or possible blood or sexual contact	F6+F7	2026-10-03
lr	RABIES	SOME	Da valutare se si e' a contatto con animali, in aree isolate o per soggiorni lunghi	Consider it if you may be in contact with animals, in remote areas or on a long stay	F6+F7	2026-10-03
ls	HEPA	MOST	Raccomandato alla maggior parte dei viaggiatori (infezione trasmessa da cibo e acqua)	Recommended for most travellers (spread by food and water)	F6+F7	2026-10-03
ls	TYPHOID	MOST	Raccomandato alla maggior parte dei viaggiatori (cibo e acqua non sicuri)	Recommended for most travellers (unsafe food and water)	F7	2026-10-03
ls	CHOLERA	SOME	Da valutare solo per rischi elevati (focolai, lavoro umanitario): contano di piu' cibo e acqua sicuri	Consider it only for higher risks (outbreaks, humanitarian work): safe food and water matter more	F7	2026-10-03
ls	HEPB	SOME	Da valutare per soggiorni lunghi, cure mediche sul posto o possibili contatti con sangue o a trasmissione sessuale	Consider it for long stays, medical care on the spot or possible blood or sexual contact	F6+F7	2026-10-03
ls	RABIES	SOME	Da valutare se si e' a contatto con animali, in aree isolate o per soggiorni lunghi	Consider it if you may be in contact with animals, in remote areas or on a long stay	F6+F7	2026-10-03
lt	HEPA	SOME	Da valutare in base al viaggio e al rischio di cibo e acqua non sicuri	Consider it depending on your trip and exposure to unsafe food and water	F6+F7	2026-10-03
lt	HEPB	SOME	Da valutare per soggiorni lunghi, cure mediche sul posto o possibili contatti con sangue o a trasmissione sessuale	Consider it for long stays, medical care on the spot or possible blood or sexual contact	F6+F7	2026-10-03
lt	RABIES	SOME	Da valutare se si e' a contatto con animali, in aree isolate o per soggiorni lunghi	Consider it if you may be in contact with animals, in remote areas or on a long stay	F6+F7	2026-10-03
lt	TBE	SOME	Da valutare per escursioni, campeggio o lavoro nei boschi nella stagione delle zecche	Consider it for hiking, camping or forest work in the tick season	F6+F7	2026-10-03
lu	RABIES	SOME	Rischio solo da pipistrelli: da valutare per chi li maneggia o lavora con la fauna selvatica	Risk from bats only: consider it if you handle bats or work with wildlife	F6+F7	2026-10-03
lv	HEPA	SOME	Da valutare in base al viaggio e al rischio di cibo e acqua non sicuri	Consider it depending on your trip and exposure to unsafe food and water	F6+F7	2026-10-03
lv	RABIES	SOME	Da valutare se si e' a contatto con animali, in aree isolate o per soggiorni lunghi	Consider it if you may be in contact with animals, in remote areas or on a long stay	F6+F7	2026-10-03
lv	TBE	SOME	Da valutare per escursioni, campeggio o lavoro nei boschi nella stagione delle zecche	Consider it for hiking, camping or forest work in the tick season	F6+F7	2026-10-03
ly	HEPA	MOST	Raccomandato alla maggior parte dei viaggiatori (infezione trasmessa da cibo e acqua)	Recommended for most travellers (spread by food and water)	F6+F7	2026-10-03
ly	HEPB	SOME	Da valutare per soggiorni lunghi, cure mediche sul posto o possibili contatti con sangue o a trasmissione sessuale	Consider it for long stays, medical care on the spot or possible blood or sexual contact	F6+F7	2026-10-03
ly	RABIES	SOME	Da valutare se si e' a contatto con animali, in aree isolate o per soggiorni lunghi	Consider it if you may be in contact with animals, in remote areas or on a long stay	F6+F7	2026-10-03
ly	TYPHOID	SOME	Da valutare in base a dove si mangia e si dorme e alla durata del soggiorno	Consider it depending on where you eat and sleep and how long you stay	F6+F7	2026-10-03
ma	HEPA	MOST	Raccomandato alla maggior parte dei viaggiatori (infezione trasmessa da cibo e acqua)	Recommended for most travellers (spread by food and water)	F6+F7	2026-10-03
ma	TYPHOID	MOST	Raccomandato alla maggior parte dei viaggiatori (cibo e acqua non sicuri)	Recommended for most travellers (unsafe food and water)	F6+F7	2026-10-03
ma	HEPB	SOME	Da valutare per soggiorni lunghi, cure mediche sul posto o possibili contatti con sangue o a trasmissione sessuale	Consider it for long stays, medical care on the spot or possible blood or sexual contact	F6+F7	2026-10-03
ma	RABIES	SOME	Da valutare se si e' a contatto con animali, in aree isolate o per soggiorni lunghi	Consider it if you may be in contact with animals, in remote areas or on a long stay	F6+F7	2026-10-03
mc	RABIES	SOME	Rischio solo da pipistrelli: da valutare per chi li maneggia o lavora con la fauna selvatica	Risk from bats only: consider it if you handle bats or work with wildlife	F6+F7	2026-10-03
md	HEPA	MOST	Raccomandato alla maggior parte dei viaggiatori (infezione trasmessa da cibo e acqua)	Recommended for most travellers (spread by food and water)	F6+F7	2026-10-03
md	HEPB	SOME	Da valutare per soggiorni lunghi, cure mediche sul posto o possibili contatti con sangue o a trasmissione sessuale	Consider it for long stays, medical care on the spot or possible blood or sexual contact	F6+F7	2026-10-03
md	RABIES	SOME	Da valutare se si e' a contatto con animali, in aree isolate o per soggiorni lunghi	Consider it if you may be in contact with animals, in remote areas or on a long stay	F6+F7	2026-10-03
md	TYPHOID	SOME	Da valutare in base a dove si mangia e si dorme e alla durata del soggiorno	Consider it depending on where you eat and sleep and how long you stay	F7	2026-10-03
me	HEPA	SOME	Da valutare in base al viaggio e al rischio di cibo e acqua non sicuri	Consider it depending on your trip and exposure to unsafe food and water	F6+F7	2026-10-03
me	RABIES	SOME	Da valutare se si e' a contatto con animali, in aree isolate o per soggiorni lunghi	Consider it if you may be in contact with animals, in remote areas or on a long stay	F6+F7	2026-10-03
me	TYPHOID	SOME	Da valutare in base a dove si mangia e si dorme e alla durata del soggiorno	Consider it depending on where you eat and sleep and how long you stay	F7	2026-10-03
mf	DENGUE	SOME	Il vaccino e' per pochi casi (per esempio chi ha gia' avuto la dengue) e lo decide il medico; la protezione principale e' evitare le punture di zanzara	The vaccine suits only a few people (for example those who already had dengue) and a doctor decides; avoiding mosquito bites is the main protection	F6+F7	2026-10-03
mf	RABIES	SOME	Rischio solo da pipistrelli: da valutare per chi li maneggia o lavora con la fauna selvatica	Risk from bats only: consider it if you handle bats or work with wildlife	F6+F7	2026-10-03
mg	HEPA	MOST	Raccomandato alla maggior parte dei viaggiatori (infezione trasmessa da cibo e acqua)	Recommended for most travellers (spread by food and water)	F6+F7	2026-10-03
mg	TYPHOID	MOST	Raccomandato alla maggior parte dei viaggiatori (cibo e acqua non sicuri)	Recommended for most travellers (unsafe food and water)	F6+F7	2026-10-03
mg	CHIK	SOME	Da valutare in caso di focolai o soggiorni lunghi; evita le punture di zanzara	Consider it during outbreaks or on long stays; avoid mosquito bites	F6+F7	2026-10-03
mg	DENGUE	SOME	Il vaccino e' per pochi casi (per esempio chi ha gia' avuto la dengue) e lo decide il medico; la protezione principale e' evitare le punture di zanzara	The vaccine suits only a few people (for example those who already had dengue) and a doctor decides; avoiding mosquito bites is the main protection	F6+F7	2026-10-03
mg	HEPB	SOME	Da valutare per soggiorni lunghi, cure mediche sul posto o possibili contatti con sangue o a trasmissione sessuale	Consider it for long stays, medical care on the spot or possible blood or sexual contact	F6+F7	2026-10-03
mg	RABIES	SOME	Da valutare se si e' a contatto con animali, in aree isolate o per soggiorni lunghi	Consider it if you may be in contact with animals, in remote areas or on a long stay	F6+F7	2026-10-03
mh	HEPA	MOST	Raccomandato alla maggior parte dei viaggiatori (infezione trasmessa da cibo e acqua)	Recommended for most travellers (spread by food and water)	F6+F7	2026-10-03
mh	TYPHOID	MOST	Raccomandato alla maggior parte dei viaggiatori (cibo e acqua non sicuri)	Recommended for most travellers (unsafe food and water)	F6+F7	2026-10-03
mh	DENGUE	SOME	Il vaccino e' per pochi casi (per esempio chi ha gia' avuto la dengue) e lo decide il medico; la protezione principale e' evitare le punture di zanzara	The vaccine suits only a few people (for example those who already had dengue) and a doctor decides; avoiding mosquito bites is the main protection	F6+F7	2026-10-03
mh	HEPB	SOME	Da valutare per soggiorni lunghi, cure mediche sul posto o possibili contatti con sangue o a trasmissione sessuale	Consider it for long stays, medical care on the spot or possible blood or sexual contact	F6+F7	2026-10-03
mh	RABIES	SOME	Rischio solo da pipistrelli: da valutare per chi li maneggia o lavora con la fauna selvatica	Risk from bats only: consider it if you handle bats or work with wildlife	F6+F7	2026-10-03
mk	HEPA	SOME	Da valutare in base al viaggio e al rischio di cibo e acqua non sicuri	Consider it depending on your trip and exposure to unsafe food and water	F6+F7	2026-10-03
mk	RABIES	SOME	Da valutare se si e' a contatto con animali, in aree isolate o per soggiorni lunghi	Consider it if you may be in contact with animals, in remote areas or on a long stay	F6+F7	2026-10-03
mk	TYPHOID	SOME	Da valutare in base a dove si mangia e si dorme e alla durata del soggiorno	Consider it depending on where you eat and sleep and how long you stay	F7	2026-10-03
ml	HEPA	MOST	Raccomandato alla maggior parte dei viaggiatori (infezione trasmessa da cibo e acqua)	Recommended for most travellers (spread by food and water)	F6+F7	2026-10-03
ml	TYPHOID	MOST	Raccomandato alla maggior parte dei viaggiatori (cibo e acqua non sicuri)	Recommended for most travellers (unsafe food and water)	F6+F7	2026-10-03
ml	CHIK	SOME	Da valutare in caso di focolai o soggiorni lunghi; evita le punture di zanzara	Consider it during outbreaks or on long stays; avoid mosquito bites	F6+F7	2026-10-03
ml	CHOLERA	SOME	Da valutare solo per rischi elevati (focolai, lavoro umanitario): contano di piu' cibo e acqua sicuri	Consider it only for higher risks (outbreaks, humanitarian work): safe food and water matter more	F6+F7	2026-10-03
ml	DENGUE	SOME	Il vaccino e' per pochi casi (per esempio chi ha gia' avuto la dengue) e lo decide il medico; la protezione principale e' evitare le punture di zanzara	The vaccine suits only a few people (for example those who already had dengue) and a doctor decides; avoiding mosquito bites is the main protection	F6+F7	2026-10-03
ml	HEPB	SOME	Da valutare per soggiorni lunghi, cure mediche sul posto o possibili contatti con sangue o a trasmissione sessuale	Consider it for long stays, medical care on the spot or possible blood or sexual contact	F6+F7	2026-10-03
ml	MENACWY	SOME	Da valutare secondo l'area, la stagione e i contatti stretti con la popolazione locale	Consider it depending on the area, the season and close contact with the local population	F6+F7	2026-10-03
ml	RABIES	SOME	Da valutare se si e' a contatto con animali, in aree isolate o per soggiorni lunghi	Consider it if you may be in contact with animals, in remote areas or on a long stay	F6+F7	2026-10-03
ml	YF	SOME	Raccomandato nelle aree a rischio, non in tutto il paese: dipende dall'itinerario	Recommended in the risk areas, not the whole country: depends on your itinerary	F6+F7	2026-10-03
mm	HEPA	MOST	Raccomandato alla maggior parte dei viaggiatori (infezione trasmessa da cibo e acqua)	Recommended for most travellers (spread by food and water)	F6+F7	2026-10-03
mm	TYPHOID	MOST	Raccomandato alla maggior parte dei viaggiatori (cibo e acqua non sicuri)	Recommended for most travellers (unsafe food and water)	F6+F7	2026-10-03
mm	CHIK	SOME	Da valutare in caso di focolai o soggiorni lunghi; evita le punture di zanzara	Consider it during outbreaks or on long stays; avoid mosquito bites	F6+F7	2026-10-03
mm	CHOLERA	SOME	Da valutare solo per rischi elevati (focolai, lavoro umanitario): contano di piu' cibo e acqua sicuri	Consider it only for higher risks (outbreaks, humanitarian work): safe food and water matter more	F6+F7	2026-10-03
mm	DENGUE	SOME	Il vaccino e' per pochi casi (per esempio chi ha gia' avuto la dengue) e lo decide il medico; la protezione principale e' evitare le punture di zanzara	The vaccine suits only a few people (for example those who already had dengue) and a doctor decides; avoiding mosquito bites is the main protection	F6+F7	2026-10-03
mm	HEPB	SOME	Da valutare per soggiorni lunghi, cure mediche sul posto o possibili contatti con sangue o a trasmissione sessuale	Consider it for long stays, medical care on the spot or possible blood or sexual contact	F6+F7	2026-10-03
mm	JE	SOME	Da valutare per soggiorni lunghi o in zone rurali, soprattutto nella stagione di trasmissione	Consider it for long stays or rural areas, especially in the transmission season	F6+F7	2026-10-03
mm	RABIES	SOME	Da valutare se si e' a contatto con animali, in aree isolate o per soggiorni lunghi	Consider it if you may be in contact with animals, in remote areas or on a long stay	F6+F7	2026-10-03
mn	HEPA	MOST	Raccomandato alla maggior parte dei viaggiatori (infezione trasmessa da cibo e acqua)	Recommended for most travellers (spread by food and water)	F6+F7	2026-10-03
mn	TYPHOID	MOST	Raccomandato alla maggior parte dei viaggiatori (cibo e acqua non sicuri)	Recommended for most travellers (unsafe food and water)	F7	2026-10-03
mn	HEPB	SOME	Da valutare per soggiorni lunghi, cure mediche sul posto o possibili contatti con sangue o a trasmissione sessuale	Consider it for long stays, medical care on the spot or possible blood or sexual contact	F6+F7	2026-10-03
mn	RABIES	SOME	Da valutare se si e' a contatto con animali, in aree isolate o per soggiorni lunghi	Consider it if you may be in contact with animals, in remote areas or on a long stay	F6+F7	2026-10-03
mn	TBE	SOME	Da valutare per escursioni, campeggio o lavoro nei boschi nella stagione delle zecche	Consider it for hiking, camping or forest work in the tick season	F6+F7	2026-10-03
mo	CHIK	SOME	Da valutare in caso di focolai o soggiorni lunghi; evita le punture di zanzara	Consider it during outbreaks or on long stays; avoid mosquito bites	F6+F7	2026-10-04
mo	DENGUE	SOME	Il vaccino e' per pochi casi (per esempio chi ha gia' avuto la dengue) e lo decide il medico; la protezione principale e' evitare le punture di zanzara	The vaccine suits only a few people (for example those who already had dengue) and a doctor decides; avoiding mosquito bites is the main protection	F6+F7	2026-10-04
mo	HEPA	SOME	Da valutare in base al viaggio e al rischio di cibo e acqua non sicuri	Consider it depending on your trip and exposure to unsafe food and water	F6+F7	2026-10-04
mo	HEPB	SOME	Da valutare per soggiorni lunghi, cure mediche sul posto o possibili contatti con sangue o a trasmissione sessuale	Consider it for long stays, medical care on the spot or possible blood or sexual contact	F6+F7	2026-10-04
mo	JE	SOME	Da valutare per soggiorni lunghi o in zone rurali, soprattutto nella stagione di trasmissione	Consider it for long stays or rural areas, especially in the transmission season	F6+F7	2026-10-04
mo	RABIES	SOME	Da valutare se si e' a contatto con animali, in aree isolate o per soggiorni lunghi	Consider it if you may be in contact with animals, in remote areas or on a long stay	F6+F7	2026-10-04
mo	TYPHOID	SOME	Da valutare in base a dove si mangia e si dorme e alla durata del soggiorno	Consider it depending on where you eat and sleep and how long you stay	F6+F7	2026-10-04
mp	HEPA	MOST	Raccomandato alla maggior parte dei viaggiatori (infezione trasmessa da cibo e acqua)	Recommended for most travellers (spread by food and water)	F6+F7	2026-10-03
mp	DENGUE	SOME	Il vaccino e' per pochi casi (per esempio chi ha gia' avuto la dengue) e lo decide il medico; la protezione principale e' evitare le punture di zanzara	The vaccine suits only a few people (for example those who already had dengue) and a doctor decides; avoiding mosquito bites is the main protection	F6+F7	2026-10-03
mp	HEPB	SOME	Da valutare per soggiorni lunghi, cure mediche sul posto o possibili contatti con sangue o a trasmissione sessuale	Consider it for long stays, medical care on the spot or possible blood or sexual contact	F6+F7	2026-10-03
mp	RABIES	SOME	Rischio solo da pipistrelli: da valutare per chi li maneggia o lavora con la fauna selvatica	Risk from bats only: consider it if you handle bats or work with wildlife	F6+F7	2026-10-03
mp	TYPHOID	SOME	Da valutare in base a dove si mangia e si dorme e alla durata del soggiorno	Consider it depending on where you eat and sleep and how long you stay	F6+F7	2026-10-03
mq	DENGUE	SOME	Il vaccino e' per pochi casi (per esempio chi ha gia' avuto la dengue) e lo decide il medico; la protezione principale e' evitare le punture di zanzara	The vaccine suits only a few people (for example those who already had dengue) and a doctor decides; avoiding mosquito bites is the main protection	F6+F7	2026-10-03
mq	HEPB	SOME	Da valutare per soggiorni lunghi, cure mediche sul posto o possibili contatti con sangue o a trasmissione sessuale	Consider it for long stays, medical care on the spot or possible blood or sexual contact	F6+F7	2026-10-03
mq	RABIES	SOME	Rischio solo da pipistrelli: da valutare per chi li maneggia o lavora con la fauna selvatica	Risk from bats only: consider it if you handle bats or work with wildlife	F6+F7	2026-10-03
mr	HEPA	MOST	Raccomandato alla maggior parte dei viaggiatori (infezione trasmessa da cibo e acqua)	Recommended for most travellers (spread by food and water)	F6+F7	2026-10-03
mr	TYPHOID	MOST	Raccomandato alla maggior parte dei viaggiatori (cibo e acqua non sicuri)	Recommended for most travellers (unsafe food and water)	F6+F7	2026-10-03
mr	CHIK	SOME	Da valutare in caso di focolai o soggiorni lunghi; evita le punture di zanzara	Consider it during outbreaks or on long stays; avoid mosquito bites	F7	2026-10-03
mr	CHOLERA	SOME	Da valutare solo per rischi elevati (focolai, lavoro umanitario): contano di piu' cibo e acqua sicuri	Consider it only for higher risks (outbreaks, humanitarian work): safe food and water matter more	F7	2026-10-03
mr	DENGUE	SOME	Il vaccino e' per pochi casi (per esempio chi ha gia' avuto la dengue) e lo decide il medico; la protezione principale e' evitare le punture di zanzara	The vaccine suits only a few people (for example those who already had dengue) and a doctor decides; avoiding mosquito bites is the main protection	F6+F7	2026-10-03
mr	HEPB	SOME	Da valutare per soggiorni lunghi, cure mediche sul posto o possibili contatti con sangue o a trasmissione sessuale	Consider it for long stays, medical care on the spot or possible blood or sexual contact	F6+F7	2026-10-03
mr	MENACWY	SOME	Da valutare secondo l'area, la stagione e i contatti stretti con la popolazione locale	Consider it depending on the area, the season and close contact with the local population	F6+F7	2026-10-03
mr	RABIES	SOME	Da valutare se si e' a contatto con animali, in aree isolate o per soggiorni lunghi	Consider it if you may be in contact with animals, in remote areas or on a long stay	F6+F7	2026-10-03
mr	YF	SOME	Raccomandato nelle aree a rischio, non in tutto il paese: dipende dall'itinerario	Recommended in the risk areas, not the whole country: depends on your itinerary	F6+F7	2026-10-03
ms	DENGUE	SOME	Il vaccino e' per pochi casi (per esempio chi ha gia' avuto la dengue) e lo decide il medico; la protezione principale e' evitare le punture di zanzara	The vaccine suits only a few people (for example those who already had dengue) and a doctor decides; avoiding mosquito bites is the main protection	F6+F7	2026-10-03
ms	HEPA	SOME	Da valutare in base al viaggio e al rischio di cibo e acqua non sicuri	Consider it depending on your trip and exposure to unsafe food and water	F6+F7	2026-10-03
ms	HEPB	SOME	Da valutare per soggiorni lunghi, cure mediche sul posto o possibili contatti con sangue o a trasmissione sessuale	Consider it for long stays, medical care on the spot or possible blood or sexual contact	F6+F7	2026-10-03
ms	RABIES	SOME	Rischio solo da pipistrelli: da valutare per chi li maneggia o lavora con la fauna selvatica	Risk from bats only: consider it if you handle bats or work with wildlife	F6+F7	2026-10-03
ms	TYPHOID	SOME	Da valutare in base a dove si mangia e si dorme e alla durata del soggiorno	Consider it depending on where you eat and sleep and how long you stay	F7	2026-10-03
mt	RABIES	SOME	Rischio solo da pipistrelli: da valutare per chi li maneggia o lavora con la fauna selvatica	Risk from bats only: consider it if you handle bats or work with wildlife	F6+F7	2026-10-03
mu	CHIK	SOME	Da valutare in caso di focolai o soggiorni lunghi; evita le punture di zanzara	Consider it during outbreaks or on long stays; avoid mosquito bites	F6+F7	2026-10-04
mu	DENGUE	SOME	Il vaccino e' per pochi casi (per esempio chi ha gia' avuto la dengue) e lo decide il medico; la protezione principale e' evitare le punture di zanzara	The vaccine suits only a few people (for example those who already had dengue) and a doctor decides; avoiding mosquito bites is the main protection	F6+F7	2026-10-04
mu	HEPA	SOME	Da valutare in base al viaggio e al rischio di cibo e acqua non sicuri	Consider it depending on your trip and exposure to unsafe food and water	F6+F7	2026-10-04
mu	HEPB	SOME	Da valutare per soggiorni lunghi, cure mediche sul posto o possibili contatti con sangue o a trasmissione sessuale	Consider it for long stays, medical care on the spot or possible blood or sexual contact	F6+F7	2026-10-04
mu	RABIES	SOME	Rischio solo da pipistrelli: da valutare per chi li maneggia o lavora con la fauna selvatica	Risk from bats only: consider it if you handle bats or work with wildlife	F6+F7	2026-10-04
mu	TYPHOID	SOME	Da valutare in base a dove si mangia e si dorme e alla durata del soggiorno	Consider it depending on where you eat and sleep and how long you stay	F6+F7	2026-10-04
mv	CHIK	SOME	Da valutare in caso di focolai o soggiorni lunghi; evita le punture di zanzara	Consider it during outbreaks or on long stays; avoid mosquito bites	F6+F7	2026-10-03
mv	DENGUE	SOME	Il vaccino e' per pochi casi (per esempio chi ha gia' avuto la dengue) e lo decide il medico; la protezione principale e' evitare le punture di zanzara	The vaccine suits only a few people (for example those who already had dengue) and a doctor decides; avoiding mosquito bites is the main protection	F6+F7	2026-10-03
mv	HEPA	SOME	Da valutare in base al viaggio e al rischio di cibo e acqua non sicuri	Consider it depending on your trip and exposure to unsafe food and water	F6+F7	2026-10-03
mv	HEPB	SOME	Da valutare per soggiorni lunghi, cure mediche sul posto o possibili contatti con sangue o a trasmissione sessuale	Consider it for long stays, medical care on the spot or possible blood or sexual contact	F6+F7	2026-10-03
mv	RABIES	SOME	Rischio solo da pipistrelli: da valutare per chi li maneggia o lavora con la fauna selvatica	Risk from bats only: consider it if you handle bats or work with wildlife	F6+F7	2026-10-03
mv	TYPHOID	SOME	Da valutare in base a dove si mangia e si dorme e alla durata del soggiorno	Consider it depending on where you eat and sleep and how long you stay	F6+F7	2026-10-03
mw	HEPA	MOST	Raccomandato alla maggior parte dei viaggiatori (infezione trasmessa da cibo e acqua)	Recommended for most travellers (spread by food and water)	F6+F7	2026-10-03
mw	TYPHOID	MOST	Raccomandato alla maggior parte dei viaggiatori (cibo e acqua non sicuri)	Recommended for most travellers (unsafe food and water)	F6+F7	2026-10-03
mw	CHOLERA	SOME	Da valutare solo per rischi elevati (focolai, lavoro umanitario): contano di piu' cibo e acqua sicuri	Consider it only for higher risks (outbreaks, humanitarian work): safe food and water matter more	F6+F7	2026-10-03
mw	DENGUE	SOME	Il vaccino e' per pochi casi (per esempio chi ha gia' avuto la dengue) e lo decide il medico; la protezione principale e' evitare le punture di zanzara	The vaccine suits only a few people (for example those who already had dengue) and a doctor decides; avoiding mosquito bites is the main protection	F6+F7	2026-10-03
mw	HEPB	SOME	Da valutare per soggiorni lunghi, cure mediche sul posto o possibili contatti con sangue o a trasmissione sessuale	Consider it for long stays, medical care on the spot or possible blood or sexual contact	F6+F7	2026-10-03
mw	RABIES	SOME	Da valutare se si e' a contatto con animali, in aree isolate o per soggiorni lunghi	Consider it if you may be in contact with animals, in remote areas or on a long stay	F6+F7	2026-10-03
mx	HEPA	MOST	Raccomandato alla maggior parte dei viaggiatori (infezione trasmessa da cibo e acqua)	Recommended for most travellers (spread by food and water)	F6+F7	2026-10-03
mx	TYPHOID	MOST	Raccomandato alla maggior parte dei viaggiatori (cibo e acqua non sicuri)	Recommended for most travellers (unsafe food and water)	F7	2026-10-03
mx	CHIK	SOME	Da valutare in caso di focolai o soggiorni lunghi; evita le punture di zanzara	Consider it during outbreaks or on long stays; avoid mosquito bites	F6+F7	2026-10-03
mx	DENGUE	SOME	Il vaccino e' per pochi casi (per esempio chi ha gia' avuto la dengue) e lo decide il medico; la protezione principale e' evitare le punture di zanzara	The vaccine suits only a few people (for example those who already had dengue) and a doctor decides; avoiding mosquito bites is the main protection	F6+F7	2026-10-03
mx	RABIES	SOME	Da valutare se si e' a contatto con animali, in aree isolate o per soggiorni lunghi	Consider it if you may be in contact with animals, in remote areas or on a long stay	F6+F7	2026-10-03
my	HEPA	MOST	Raccomandato alla maggior parte dei viaggiatori (infezione trasmessa da cibo e acqua)	Recommended for most travellers (spread by food and water)	F6+F7	2026-10-03
my	CHIK	SOME	Da valutare in caso di focolai o soggiorni lunghi; evita le punture di zanzara	Consider it during outbreaks or on long stays; avoid mosquito bites	F6+F7	2026-10-03
my	DENGUE	SOME	Il vaccino e' per pochi casi (per esempio chi ha gia' avuto la dengue) e lo decide il medico; la protezione principale e' evitare le punture di zanzara	The vaccine suits only a few people (for example those who already had dengue) and a doctor decides; avoiding mosquito bites is the main protection	F6+F7	2026-10-03
my	HEPB	SOME	Da valutare per soggiorni lunghi, cure mediche sul posto o possibili contatti con sangue o a trasmissione sessuale	Consider it for long stays, medical care on the spot or possible blood or sexual contact	F6+F7	2026-10-03
my	JE	SOME	Da valutare per soggiorni lunghi o in zone rurali, soprattutto nella stagione di trasmissione	Consider it for long stays or rural areas, especially in the transmission season	F6+F7	2026-10-03
my	RABIES	SOME	Da valutare se si e' a contatto con animali, in aree isolate o per soggiorni lunghi	Consider it if you may be in contact with animals, in remote areas or on a long stay	F6+F7	2026-10-03
my	TYPHOID	SOME	Da valutare in base a dove si mangia e si dorme e alla durata del soggiorno	Consider it depending on where you eat and sleep and how long you stay	F6+F7	2026-10-03
mz	HEPA	MOST	Raccomandato alla maggior parte dei viaggiatori (infezione trasmessa da cibo e acqua)	Recommended for most travellers (spread by food and water)	F6+F7	2026-10-04
mz	TYPHOID	MOST	Raccomandato alla maggior parte dei viaggiatori (cibo e acqua non sicuri)	Recommended for most travellers (unsafe food and water)	F6+F7	2026-10-04
mz	CHOLERA	SOME	Da valutare solo per rischi elevati (focolai, lavoro umanitario): contano di piu' cibo e acqua sicuri	Consider it only for higher risks (outbreaks, humanitarian work): safe food and water matter more	F6+F7	2026-10-04
mz	DENGUE	SOME	Il vaccino e' per pochi casi (per esempio chi ha gia' avuto la dengue) e lo decide il medico; la protezione principale e' evitare le punture di zanzara	The vaccine suits only a few people (for example those who already had dengue) and a doctor decides; avoiding mosquito bites is the main protection	F6+F7	2026-10-04
mz	HEPB	SOME	Da valutare per soggiorni lunghi, cure mediche sul posto o possibili contatti con sangue o a trasmissione sessuale	Consider it for long stays, medical care on the spot or possible blood or sexual contact	F6+F7	2026-10-04
mz	RABIES	SOME	Da valutare se si e' a contatto con animali, in aree isolate o per soggiorni lunghi	Consider it if you may be in contact with animals, in remote areas or on a long stay	F6+F7	2026-10-04
na	HEPA	MOST	Raccomandato alla maggior parte dei viaggiatori (infezione trasmessa da cibo e acqua)	Recommended for most travellers (spread by food and water)	F6+F7	2026-10-03
na	TYPHOID	MOST	Raccomandato alla maggior parte dei viaggiatori (cibo e acqua non sicuri)	Recommended for most travellers (unsafe food and water)	F7	2026-10-03
na	CHOLERA	SOME	Da valutare solo per rischi elevati (focolai, lavoro umanitario): contano di piu' cibo e acqua sicuri	Consider it only for higher risks (outbreaks, humanitarian work): safe food and water matter more	F6+F7	2026-10-03
na	DENGUE	SOME	Il vaccino e' per pochi casi (per esempio chi ha gia' avuto la dengue) e lo decide il medico; la protezione principale e' evitare le punture di zanzara	The vaccine suits only a few people (for example those who already had dengue) and a doctor decides; avoiding mosquito bites is the main protection	F6+F7	2026-10-03
na	HEPB	SOME	Da valutare per soggiorni lunghi, cure mediche sul posto o possibili contatti con sangue o a trasmissione sessuale	Consider it for long stays, medical care on the spot or possible blood or sexual contact	F6+F7	2026-10-03
na	RABIES	SOME	Da valutare se si e' a contatto con animali, in aree isolate o per soggiorni lunghi	Consider it if you may be in contact with animals, in remote areas or on a long stay	F6+F7	2026-10-03
nc	DENGUE	SOME	Il vaccino e' per pochi casi (per esempio chi ha gia' avuto la dengue) e lo decide il medico; la protezione principale e' evitare le punture di zanzara	The vaccine suits only a few people (for example those who already had dengue) and a doctor decides; avoiding mosquito bites is the main protection	F6+F7	2026-10-03
nc	HEPA	SOME	Da valutare in base al viaggio e al rischio di cibo e acqua non sicuri	Consider it depending on your trip and exposure to unsafe food and water	F6+F7	2026-10-03
nc	HEPB	SOME	Da valutare per soggiorni lunghi, cure mediche sul posto o possibili contatti con sangue o a trasmissione sessuale	Consider it for long stays, medical care on the spot or possible blood or sexual contact	F6+F7	2026-10-03
nc	RABIES	SOME	Rischio solo da pipistrelli: da valutare per chi li maneggia o lavora con la fauna selvatica	Risk from bats only: consider it if you handle bats or work with wildlife	F6+F7	2026-10-03
nc	TYPHOID	SOME	Da valutare in base a dove si mangia e si dorme e alla durata del soggiorno	Consider it depending on where you eat and sleep and how long you stay	F7	2026-10-03
ne	HEPA	MOST	Raccomandato alla maggior parte dei viaggiatori (infezione trasmessa da cibo e acqua)	Recommended for most travellers (spread by food and water)	F6+F7	2026-10-03
ne	TYPHOID	MOST	Raccomandato alla maggior parte dei viaggiatori (cibo e acqua non sicuri)	Recommended for most travellers (unsafe food and water)	F6+F7	2026-10-03
ne	CHOLERA	SOME	Da valutare solo per rischi elevati (focolai, lavoro umanitario): contano di piu' cibo e acqua sicuri	Consider it only for higher risks (outbreaks, humanitarian work): safe food and water matter more	F6+F7	2026-10-03
ne	DENGUE	SOME	Il vaccino e' per pochi casi (per esempio chi ha gia' avuto la dengue) e lo decide il medico; la protezione principale e' evitare le punture di zanzara	The vaccine suits only a few people (for example those who already had dengue) and a doctor decides; avoiding mosquito bites is the main protection	F6+F7	2026-10-03
ne	HEPB	SOME	Da valutare per soggiorni lunghi, cure mediche sul posto o possibili contatti con sangue o a trasmissione sessuale	Consider it for long stays, medical care on the spot or possible blood or sexual contact	F6+F7	2026-10-03
ne	MENACWY	SOME	Da valutare secondo l'area, la stagione e i contatti stretti con la popolazione locale	Consider it depending on the area, the season and close contact with the local population	F6+F7	2026-10-03
ne	RABIES	SOME	Da valutare se si e' a contatto con animali, in aree isolate o per soggiorni lunghi	Consider it if you may be in contact with animals, in remote areas or on a long stay	F6+F7	2026-10-03
ne	YF	SOME	Raccomandato nelle aree a rischio, non in tutto il paese: dipende dall'itinerario	Recommended in the risk areas, not the whole country: depends on your itinerary	F6+F7	2026-10-03
ng	HEPA	MOST	Raccomandato alla maggior parte dei viaggiatori (infezione trasmessa da cibo e acqua)	Recommended for most travellers (spread by food and water)	F6+F7	2026-10-04
ng	TYPHOID	MOST	Raccomandato alla maggior parte dei viaggiatori (cibo e acqua non sicuri)	Recommended for most travellers (unsafe food and water)	F6+F7	2026-10-04
ng	YF	MOST	Raccomandato ai viaggiatori: rischio in tutto il paese (a basso potenziale in alcuni casi, chiedi al medico)	Recommended for travellers: risk across the country (low potential in some cases, ask a doctor)	F6+F7	2026-10-04
ng	CHIK	SOME	Da valutare in caso di focolai o soggiorni lunghi; evita le punture di zanzara	Consider it during outbreaks or on long stays; avoid mosquito bites	F6+F7	2026-10-04
ng	CHOLERA	SOME	Da valutare solo per rischi elevati (focolai, lavoro umanitario): contano di piu' cibo e acqua sicuri	Consider it only for higher risks (outbreaks, humanitarian work): safe food and water matter more	F6+F7	2026-10-04
ng	DENGUE	SOME	Il vaccino e' per pochi casi (per esempio chi ha gia' avuto la dengue) e lo decide il medico; la protezione principale e' evitare le punture di zanzara	The vaccine suits only a few people (for example those who already had dengue) and a doctor decides; avoiding mosquito bites is the main protection	F6+F7	2026-10-04
ng	HEPB	SOME	Da valutare per soggiorni lunghi, cure mediche sul posto o possibili contatti con sangue o a trasmissione sessuale	Consider it for long stays, medical care on the spot or possible blood or sexual contact	F6+F7	2026-10-04
ng	MENACWY	SOME	Da valutare secondo l'area, la stagione e i contatti stretti con la popolazione locale	Consider it depending on the area, the season and close contact with the local population	F6+F7	2026-10-04
ng	RABIES	SOME	Da valutare se si e' a contatto con animali, in aree isolate o per soggiorni lunghi	Consider it if you may be in contact with animals, in remote areas or on a long stay	F6+F7	2026-10-04
ni	HEPA	MOST	Raccomandato alla maggior parte dei viaggiatori (infezione trasmessa da cibo e acqua)	Recommended for most travellers (spread by food and water)	F6+F7	2026-10-03
ni	TYPHOID	MOST	Raccomandato alla maggior parte dei viaggiatori (cibo e acqua non sicuri)	Recommended for most travellers (unsafe food and water)	F7	2026-10-03
ni	CHIK	SOME	Da valutare in caso di focolai o soggiorni lunghi; evita le punture di zanzara	Consider it during outbreaks or on long stays; avoid mosquito bites	F6+F7	2026-10-03
ni	DENGUE	SOME	Il vaccino e' per pochi casi (per esempio chi ha gia' avuto la dengue) e lo decide il medico; la protezione principale e' evitare le punture di zanzara	The vaccine suits only a few people (for example those who already had dengue) and a doctor decides; avoiding mosquito bites is the main protection	F6+F7	2026-10-03
ni	RABIES	SOME	Da valutare se si e' a contatto con animali, in aree isolate o per soggiorni lunghi	Consider it if you may be in contact with animals, in remote areas or on a long stay	F6+F7	2026-10-03
nl	RABIES	SOME	Rischio solo da pipistrelli: da valutare per chi li maneggia o lavora con la fauna selvatica	Risk from bats only: consider it if you handle bats or work with wildlife	F6+F7	2026-10-03
nl	TBE	SOME	Da valutare per escursioni, campeggio o lavoro nei boschi nella stagione delle zecche	Consider it for hiking, camping or forest work in the tick season	F6+F7	2026-10-03
no	RABIES	SOME	Rischio solo da pipistrelli: da valutare per chi li maneggia o lavora con la fauna selvatica	Risk from bats only: consider it if you handle bats or work with wildlife	F6+F7	2026-10-03
no	TBE	SOME	Da valutare per escursioni, campeggio o lavoro nei boschi nella stagione delle zecche	Consider it for hiking, camping or forest work in the tick season	F6+F7	2026-10-03
np	HEPA	MOST	Raccomandato alla maggior parte dei viaggiatori (infezione trasmessa da cibo e acqua)	Recommended for most travellers (spread by food and water)	F6+F7	2026-10-03
np	TYPHOID	MOST	Raccomandato alla maggior parte dei viaggiatori (cibo e acqua non sicuri)	Recommended for most travellers (unsafe food and water)	F6+F7	2026-10-03
np	CHIK	SOME	Da valutare in caso di focolai o soggiorni lunghi; evita le punture di zanzara	Consider it during outbreaks or on long stays; avoid mosquito bites	F6+F7	2026-10-03
np	CHOLERA	SOME	Da valutare solo per rischi elevati (focolai, lavoro umanitario): contano di piu' cibo e acqua sicuri	Consider it only for higher risks (outbreaks, humanitarian work): safe food and water matter more	F6+F7	2026-10-03
np	DENGUE	SOME	Il vaccino e' per pochi casi (per esempio chi ha gia' avuto la dengue) e lo decide il medico; la protezione principale e' evitare le punture di zanzara	The vaccine suits only a few people (for example those who already had dengue) and a doctor decides; avoiding mosquito bites is the main protection	F6+F7	2026-10-03
np	HEPB	SOME	Da valutare per soggiorni lunghi, cure mediche sul posto o possibili contatti con sangue o a trasmissione sessuale	Consider it for long stays, medical care on the spot or possible blood or sexual contact	F6+F7	2026-10-03
np	JE	SOME	Da valutare per soggiorni lunghi o in zone rurali, soprattutto nella stagione di trasmissione	Consider it for long stays or rural areas, especially in the transmission season	F6+F7	2026-10-03
np	RABIES	SOME	Da valutare se si e' a contatto con animali, in aree isolate o per soggiorni lunghi	Consider it if you may be in contact with animals, in remote areas or on a long stay	F6+F7	2026-10-03
nr	HEPA	MOST	Raccomandato alla maggior parte dei viaggiatori (infezione trasmessa da cibo e acqua)	Recommended for most travellers (spread by food and water)	F6+F7	2026-10-03
nr	DENGUE	SOME	Il vaccino e' per pochi casi (per esempio chi ha gia' avuto la dengue) e lo decide il medico; la protezione principale e' evitare le punture di zanzara	The vaccine suits only a few people (for example those who already had dengue) and a doctor decides; avoiding mosquito bites is the main protection	F6+F7	2026-10-03
nr	HEPB	SOME	Da valutare per soggiorni lunghi, cure mediche sul posto o possibili contatti con sangue o a trasmissione sessuale	Consider it for long stays, medical care on the spot or possible blood or sexual contact	F6+F7	2026-10-03
nr	RABIES	SOME	Rischio solo da pipistrelli: da valutare per chi li maneggia o lavora con la fauna selvatica	Risk from bats only: consider it if you handle bats or work with wildlife	F6+F7	2026-10-03
nr	TYPHOID	SOME	Da valutare in base a dove si mangia e si dorme e alla durata del soggiorno	Consider it depending on where you eat and sleep and how long you stay	F7	2026-10-03
nu	DENGUE	SOME	Il vaccino e' per pochi casi (per esempio chi ha gia' avuto la dengue) e lo decide il medico; la protezione principale e' evitare le punture di zanzara	The vaccine suits only a few people (for example those who already had dengue) and a doctor decides; avoiding mosquito bites is the main protection	F6+F7	2026-10-04
nu	HEPA	SOME	Da valutare in base al viaggio e al rischio di cibo e acqua non sicuri	Consider it depending on your trip and exposure to unsafe food and water	F6+F7	2026-10-04
nu	HEPB	SOME	Da valutare per soggiorni lunghi, cure mediche sul posto o possibili contatti con sangue o a trasmissione sessuale	Consider it for long stays, medical care on the spot or possible blood or sexual contact	F6+F7	2026-10-04
nu	RABIES	SOME	Rischio solo da pipistrelli: da valutare per chi li maneggia o lavora con la fauna selvatica	Risk from bats only: consider it if you handle bats or work with wildlife	F6+F7	2026-10-04
nu	TYPHOID	SOME	Da valutare in base a dove si mangia e si dorme e alla durata del soggiorno	Consider it depending on where you eat and sleep and how long you stay	F7	2026-10-04
om	DENGUE	SOME	Il vaccino e' per pochi casi (per esempio chi ha gia' avuto la dengue) e lo decide il medico; la protezione principale e' evitare le punture di zanzara	The vaccine suits only a few people (for example those who already had dengue) and a doctor decides; avoiding mosquito bites is the main protection	F6+F7	2026-10-04
om	HEPA	SOME	Da valutare in base al viaggio e al rischio di cibo e acqua non sicuri	Consider it depending on your trip and exposure to unsafe food and water	F6+F7	2026-10-04
om	HEPB	SOME	Da valutare per soggiorni lunghi, cure mediche sul posto o possibili contatti con sangue o a trasmissione sessuale	Consider it for long stays, medical care on the spot or possible blood or sexual contact	F6+F7	2026-10-04
om	RABIES	SOME	Da valutare se si e' a contatto con animali, in aree isolate o per soggiorni lunghi	Consider it if you may be in contact with animals, in remote areas or on a long stay	F6+F7	2026-10-04
om	TYPHOID	SOME	Da valutare in base a dove si mangia e si dorme e alla durata del soggiorno	Consider it depending on where you eat and sleep and how long you stay	F6+F7	2026-10-04
pa	TYPHOID	MOST	Raccomandato alla maggior parte dei viaggiatori (cibo e acqua non sicuri)	Recommended for most travellers (unsafe food and water)	F7	2026-10-03
pa	CHIK	SOME	Da valutare in caso di focolai o soggiorni lunghi; evita le punture di zanzara	Consider it during outbreaks or on long stays; avoid mosquito bites	F6+F7	2026-10-03
pa	DENGUE	SOME	Il vaccino e' per pochi casi (per esempio chi ha gia' avuto la dengue) e lo decide il medico; la protezione principale e' evitare le punture di zanzara	The vaccine suits only a few people (for example those who already had dengue) and a doctor decides; avoiding mosquito bites is the main protection	F6+F7	2026-10-03
pa	HEPA	SOME	Da valutare in base al viaggio e al rischio di cibo e acqua non sicuri	Consider it depending on your trip and exposure to unsafe food and water	F6+F7	2026-10-03
pa	RABIES	SOME	Da valutare se si e' a contatto con animali, in aree isolate o per soggiorni lunghi	Consider it if you may be in contact with animals, in remote areas or on a long stay	F6+F7	2026-10-03
pa	YF	SOME	Raccomandato nelle aree a rischio, non in tutto il paese: dipende dall'itinerario	Recommended in the risk areas, not the whole country: depends on your itinerary	F6+F7	2026-10-03
pe	HEPA	MOST	Raccomandato alla maggior parte dei viaggiatori (infezione trasmessa da cibo e acqua)	Recommended for most travellers (spread by food and water)	F6+F7	2026-10-03
pe	TYPHOID	MOST	Raccomandato alla maggior parte dei viaggiatori (cibo e acqua non sicuri)	Recommended for most travellers (unsafe food and water)	F7	2026-10-03
pe	CHIK	SOME	Da valutare in caso di focolai o soggiorni lunghi; evita le punture di zanzara	Consider it during outbreaks or on long stays; avoid mosquito bites	F6+F7	2026-10-03
pe	DENGUE	SOME	Il vaccino e' per pochi casi (per esempio chi ha gia' avuto la dengue) e lo decide il medico; la protezione principale e' evitare le punture di zanzara	The vaccine suits only a few people (for example those who already had dengue) and a doctor decides; avoiding mosquito bites is the main protection	F6+F7	2026-10-03
pe	RABIES	SOME	Da valutare se si e' a contatto con animali, in aree isolate o per soggiorni lunghi	Consider it if you may be in contact with animals, in remote areas or on a long stay	F6+F7	2026-10-03
pe	YF	SOME	Raccomandato nelle aree a rischio, non in tutto il paese: dipende dall'itinerario	Recommended in the risk areas, not the whole country: depends on your itinerary	F6+F7	2026-10-03
pf	DENGUE	SOME	Il vaccino e' per pochi casi (per esempio chi ha gia' avuto la dengue) e lo decide il medico; la protezione principale e' evitare le punture di zanzara	The vaccine suits only a few people (for example those who already had dengue) and a doctor decides; avoiding mosquito bites is the main protection	F6+F7	2026-10-03
pf	HEPA	SOME	Da valutare in base al viaggio e al rischio di cibo e acqua non sicuri	Consider it depending on your trip and exposure to unsafe food and water	F6+F7	2026-10-03
pf	HEPB	SOME	Da valutare per soggiorni lunghi, cure mediche sul posto o possibili contatti con sangue o a trasmissione sessuale	Consider it for long stays, medical care on the spot or possible blood or sexual contact	F6+F7	2026-10-03
pf	RABIES	SOME	Rischio solo da pipistrelli: da valutare per chi li maneggia o lavora con la fauna selvatica	Risk from bats only: consider it if you handle bats or work with wildlife	F6+F7	2026-10-03
pf	TYPHOID	SOME	Da valutare in base a dove si mangia e si dorme e alla durata del soggiorno	Consider it depending on where you eat and sleep and how long you stay	F7	2026-10-03
pg	HEPA	MOST	Raccomandato alla maggior parte dei viaggiatori (infezione trasmessa da cibo e acqua)	Recommended for most travellers (spread by food and water)	F6+F7	2026-10-03
pg	TYPHOID	MOST	Raccomandato alla maggior parte dei viaggiatori (cibo e acqua non sicuri)	Recommended for most travellers (unsafe food and water)	F7	2026-10-03
pg	DENGUE	SOME	Il vaccino e' per pochi casi (per esempio chi ha gia' avuto la dengue) e lo decide il medico; la protezione principale e' evitare le punture di zanzara	The vaccine suits only a few people (for example those who already had dengue) and a doctor decides; avoiding mosquito bites is the main protection	F6+F7	2026-10-03
pg	HEPB	SOME	Da valutare per soggiorni lunghi, cure mediche sul posto o possibili contatti con sangue o a trasmissione sessuale	Consider it for long stays, medical care on the spot or possible blood or sexual contact	F6+F7	2026-10-03
pg	JE	SOME	Da valutare per soggiorni lunghi o in zone rurali, soprattutto nella stagione di trasmissione	Consider it for long stays or rural areas, especially in the transmission season	F6+F7	2026-10-03
pg	RABIES	SOME	Rischio solo da pipistrelli: da valutare per chi li maneggia o lavora con la fauna selvatica	Risk from bats only: consider it if you handle bats or work with wildlife	F6+F7	2026-10-03
ph	HEPA	MOST	Raccomandato alla maggior parte dei viaggiatori (infezione trasmessa da cibo e acqua)	Recommended for most travellers (spread by food and water)	F6+F7	2026-10-03
ph	TYPHOID	MOST	Raccomandato alla maggior parte dei viaggiatori (cibo e acqua non sicuri)	Recommended for most travellers (unsafe food and water)	F6+F7	2026-10-03
ph	CHIK	SOME	Da valutare in caso di focolai o soggiorni lunghi; evita le punture di zanzara	Consider it during outbreaks or on long stays; avoid mosquito bites	F6+F7	2026-10-03
ph	CHOLERA	SOME	Da valutare solo per rischi elevati (focolai, lavoro umanitario): contano di piu' cibo e acqua sicuri	Consider it only for higher risks (outbreaks, humanitarian work): safe food and water matter more	F6+F7	2026-10-03
ph	DENGUE	SOME	Il vaccino e' per pochi casi (per esempio chi ha gia' avuto la dengue) e lo decide il medico; la protezione principale e' evitare le punture di zanzara	The vaccine suits only a few people (for example those who already had dengue) and a doctor decides; avoiding mosquito bites is the main protection	F6+F7	2026-10-03
ph	HEPB	SOME	Da valutare per soggiorni lunghi, cure mediche sul posto o possibili contatti con sangue o a trasmissione sessuale	Consider it for long stays, medical care on the spot or possible blood or sexual contact	F6+F7	2026-10-03
ph	JE	SOME	Da valutare per soggiorni lunghi o in zone rurali, soprattutto nella stagione di trasmissione	Consider it for long stays or rural areas, especially in the transmission season	F6+F7	2026-10-03
ph	RABIES	SOME	Da valutare se si e' a contatto con animali, in aree isolate o per soggiorni lunghi	Consider it if you may be in contact with animals, in remote areas or on a long stay	F6+F7	2026-10-03
pk	HEPA	MOST	Raccomandato alla maggior parte dei viaggiatori (infezione trasmessa da cibo e acqua)	Recommended for most travellers (spread by food and water)	F6+F7	2026-10-03
pk	TYPHOID	MOST	Raccomandato alla maggior parte dei viaggiatori (cibo e acqua non sicuri)	Recommended for most travellers (unsafe food and water)	F6+F7	2026-10-03
pk	CHIK	SOME	Da valutare in caso di focolai o soggiorni lunghi; evita le punture di zanzara	Consider it during outbreaks or on long stays; avoid mosquito bites	F6+F7	2026-10-03
pk	CHOLERA	SOME	Da valutare solo per rischi elevati (focolai, lavoro umanitario): contano di piu' cibo e acqua sicuri	Consider it only for higher risks (outbreaks, humanitarian work): safe food and water matter more	F6+F7	2026-10-03
pk	DENGUE	SOME	Il vaccino e' per pochi casi (per esempio chi ha gia' avuto la dengue) e lo decide il medico; la protezione principale e' evitare le punture di zanzara	The vaccine suits only a few people (for example those who already had dengue) and a doctor decides; avoiding mosquito bites is the main protection	F6+F7	2026-10-03
pk	HEPB	SOME	Da valutare per soggiorni lunghi, cure mediche sul posto o possibili contatti con sangue o a trasmissione sessuale	Consider it for long stays, medical care on the spot or possible blood or sexual contact	F6+F7	2026-10-03
pk	JE	SOME	Da valutare per soggiorni lunghi o in zone rurali, soprattutto nella stagione di trasmissione	Consider it for long stays or rural areas, especially in the transmission season	F6+F7	2026-10-03
pk	RABIES	SOME	Da valutare se si e' a contatto con animali, in aree isolate o per soggiorni lunghi	Consider it if you may be in contact with animals, in remote areas or on a long stay	F6+F7	2026-10-03
pl	HEPA	SOME	Da valutare in base al viaggio e al rischio di cibo e acqua non sicuri	Consider it depending on your trip and exposure to unsafe food and water	F6+F7	2026-10-03
pl	RABIES	SOME	Da valutare se si e' a contatto con animali, in aree isolate o per soggiorni lunghi	Consider it if you may be in contact with animals, in remote areas or on a long stay	F6+F7	2026-10-03
pl	TBE	SOME	Da valutare per escursioni, campeggio o lavoro nei boschi nella stagione delle zecche	Consider it for hiking, camping or forest work in the tick season	F6+F7	2026-10-03
pm	RABIES	SOME	Rischio solo da pipistrelli: da valutare per chi li maneggia o lavora con la fauna selvatica	Risk from bats only: consider it if you handle bats or work with wildlife	F6+F7	2026-10-03
pn	HEPA	SOME	Da valutare in base al viaggio e al rischio di cibo e acqua non sicuri	Consider it depending on your trip and exposure to unsafe food and water	F7	2026-10-03
pn	HEPB	SOME	Da valutare per soggiorni lunghi, cure mediche sul posto o possibili contatti con sangue o a trasmissione sessuale	Consider it for long stays, medical care on the spot or possible blood or sexual contact	F7	2026-10-03
pn	RABIES	SOME	Rischio solo da pipistrelli: da valutare per chi li maneggia o lavora con la fauna selvatica	Risk from bats only: consider it if you handle bats or work with wildlife	F7	2026-10-03
pr	DENGUE	SOME	Il vaccino e' per pochi casi (per esempio chi ha gia' avuto la dengue) e lo decide il medico; la protezione principale e' evitare le punture di zanzara	The vaccine suits only a few people (for example those who already had dengue) and a doctor decides; avoiding mosquito bites is the main protection	F6+F7	2026-10-03
pr	HEPA	SOME	Da valutare in base al viaggio e al rischio di cibo e acqua non sicuri	Consider it depending on your trip and exposure to unsafe food and water	F6+F7	2026-10-03
pr	RABIES	SOME	Da valutare se si e' a contatto con animali, in aree isolate o per soggiorni lunghi	Consider it if you may be in contact with animals, in remote areas or on a long stay	F6+F7	2026-10-03
ps	HEPA	MOST	Raccomandato alla maggior parte dei viaggiatori (infezione trasmessa da cibo e acqua)	Recommended for most travellers (spread by food and water)	F7	2026-10-03
ps	HEPB	SOME	Da valutare per soggiorni lunghi, cure mediche sul posto o possibili contatti con sangue o a trasmissione sessuale	Consider it for long stays, medical care on the spot or possible blood or sexual contact	F7	2026-10-03
ps	RABIES	SOME	Da valutare se si e' a contatto con animali, in aree isolate o per soggiorni lunghi	Consider it if you may be in contact with animals, in remote areas or on a long stay	F7	2026-10-03
ps	TYPHOID	SOME	Da valutare in base a dove si mangia e si dorme e alla durata del soggiorno	Consider it depending on where you eat and sleep and how long you stay	F7	2026-10-03
pt	RABIES	SOME	Rischio solo da pipistrelli: da valutare per chi li maneggia o lavora con la fauna selvatica	Risk from bats only: consider it if you handle bats or work with wildlife	F6+F7	2026-10-03
pw	DENGUE	SOME	Il vaccino e' per pochi casi (per esempio chi ha gia' avuto la dengue) e lo decide il medico; la protezione principale e' evitare le punture di zanzara	The vaccine suits only a few people (for example those who already had dengue) and a doctor decides; avoiding mosquito bites is the main protection	F6+F7	2026-10-03
pw	HEPA	SOME	Da valutare in base al viaggio e al rischio di cibo e acqua non sicuri	Consider it depending on your trip and exposure to unsafe food and water	F6+F7	2026-10-03
pw	HEPB	SOME	Da valutare per soggiorni lunghi, cure mediche sul posto o possibili contatti con sangue o a trasmissione sessuale	Consider it for long stays, medical care on the spot or possible blood or sexual contact	F6+F7	2026-10-03
pw	RABIES	SOME	Rischio solo da pipistrelli: da valutare per chi li maneggia o lavora con la fauna selvatica	Risk from bats only: consider it if you handle bats or work with wildlife	F6+F7	2026-10-03
pw	TYPHOID	SOME	Da valutare in base a dove si mangia e si dorme e alla durata del soggiorno	Consider it depending on where you eat and sleep and how long you stay	F7	2026-10-03
py	HEPA	MOST	Raccomandato alla maggior parte dei viaggiatori (infezione trasmessa da cibo e acqua)	Recommended for most travellers (spread by food and water)	F6+F7	2026-10-03
py	TYPHOID	MOST	Raccomandato alla maggior parte dei viaggiatori (cibo e acqua non sicuri)	Recommended for most travellers (unsafe food and water)	F7	2026-10-03
py	CHIK	SOME	Da valutare in caso di focolai o soggiorni lunghi; evita le punture di zanzara	Consider it during outbreaks or on long stays; avoid mosquito bites	F6+F7	2026-10-03
py	DENGUE	SOME	Il vaccino e' per pochi casi (per esempio chi ha gia' avuto la dengue) e lo decide il medico; la protezione principale e' evitare le punture di zanzara	The vaccine suits only a few people (for example those who already had dengue) and a doctor decides; avoiding mosquito bites is the main protection	F6+F7	2026-10-03
py	HEPB	SOME	Da valutare per soggiorni lunghi, cure mediche sul posto o possibili contatti con sangue o a trasmissione sessuale	Consider it for long stays, medical care on the spot or possible blood or sexual contact	F6+F7	2026-10-03
py	RABIES	SOME	Da valutare se si e' a contatto con animali, in aree isolate o per soggiorni lunghi	Consider it if you may be in contact with animals, in remote areas or on a long stay	F6+F7	2026-10-03
py	YF	SOME	Raccomandato nelle aree a rischio, non in tutto il paese: dipende dall'itinerario	Recommended in the risk areas, not the whole country: depends on your itinerary	F6+F7	2026-10-03
qa	HEPA	SOME	Da valutare in base al viaggio e al rischio di cibo e acqua non sicuri	Consider it depending on your trip and exposure to unsafe food and water	F6+F7	2026-10-03
qa	HEPB	SOME	Da valutare per soggiorni lunghi, cure mediche sul posto o possibili contatti con sangue o a trasmissione sessuale	Consider it for long stays, medical care on the spot or possible blood or sexual contact	F6+F7	2026-10-03
qa	RABIES	SOME	Da valutare se si e' a contatto con animali, in aree isolate o per soggiorni lunghi	Consider it if you may be in contact with animals, in remote areas or on a long stay	F6+F7	2026-10-03
qa	TYPHOID	SOME	Da valutare in base a dove si mangia e si dorme e alla durata del soggiorno	Consider it depending on where you eat and sleep and how long you stay	F6+F7	2026-10-03
re	CHIK	SOME	Da valutare in caso di focolai o soggiorni lunghi; evita le punture di zanzara	Consider it during outbreaks or on long stays; avoid mosquito bites	F6+F7	2026-10-03
re	DENGUE	SOME	Il vaccino e' per pochi casi (per esempio chi ha gia' avuto la dengue) e lo decide il medico; la protezione principale e' evitare le punture di zanzara	The vaccine suits only a few people (for example those who already had dengue) and a doctor decides; avoiding mosquito bites is the main protection	F6+F7	2026-10-03
re	HEPA	SOME	Da valutare in base al viaggio e al rischio di cibo e acqua non sicuri	Consider it depending on your trip and exposure to unsafe food and water	F6+F7	2026-10-03
re	HEPB	SOME	Da valutare per soggiorni lunghi, cure mediche sul posto o possibili contatti con sangue o a trasmissione sessuale	Consider it for long stays, medical care on the spot or possible blood or sexual contact	F6+F7	2026-10-03
re	RABIES	SOME	Rischio solo da pipistrelli: da valutare per chi li maneggia o lavora con la fauna selvatica	Risk from bats only: consider it if you handle bats or work with wildlife	F6+F7	2026-10-03
re	TYPHOID	SOME	Da valutare in base a dove si mangia e si dorme e alla durata del soggiorno	Consider it depending on where you eat and sleep and how long you stay	F7	2026-10-03
ro	HEPA	MOST	Raccomandato alla maggior parte dei viaggiatori (infezione trasmessa da cibo e acqua)	Recommended for most travellers (spread by food and water)	F6+F7	2026-10-03
ro	HEPB	SOME	Da valutare per soggiorni lunghi, cure mediche sul posto o possibili contatti con sangue o a trasmissione sessuale	Consider it for long stays, medical care on the spot or possible blood or sexual contact	F6+F7	2026-10-03
ro	RABIES	SOME	Da valutare se si e' a contatto con animali, in aree isolate o per soggiorni lunghi	Consider it if you may be in contact with animals, in remote areas or on a long stay	F6+F7	2026-10-03
ro	TBE	SOME	Da valutare per escursioni, campeggio o lavoro nei boschi nella stagione delle zecche	Consider it for hiking, camping or forest work in the tick season	F6+F7	2026-10-03
rs	HEPA	SOME	Da valutare in base al viaggio e al rischio di cibo e acqua non sicuri	Consider it depending on your trip and exposure to unsafe food and water	F6+F7	2026-10-03
rs	RABIES	SOME	Da valutare se si e' a contatto con animali, in aree isolate o per soggiorni lunghi	Consider it if you may be in contact with animals, in remote areas or on a long stay	F6+F7	2026-10-03
rs	TBE	SOME	Da valutare per escursioni, campeggio o lavoro nei boschi nella stagione delle zecche	Consider it for hiking, camping or forest work in the tick season	F6+F7	2026-10-03
rs	TYPHOID	SOME	Da valutare in base a dove si mangia e si dorme e alla durata del soggiorno	Consider it depending on where you eat and sleep and how long you stay	F7	2026-10-03
ru	HEPA	MOST	Raccomandato alla maggior parte dei viaggiatori (infezione trasmessa da cibo e acqua)	Recommended for most travellers (spread by food and water)	F6+F7	2026-10-03
ru	RABIES	SOME	Da valutare se si e' a contatto con animali, in aree isolate o per soggiorni lunghi	Consider it if you may be in contact with animals, in remote areas or on a long stay	F6+F7	2026-10-03
ru	TBE	SOME	Da valutare per escursioni, campeggio o lavoro nei boschi nella stagione delle zecche	Consider it for hiking, camping or forest work in the tick season	F6+F7	2026-10-03
ru	TYPHOID	SOME	Da valutare in base a dove si mangia e si dorme e alla durata del soggiorno	Consider it depending on where you eat and sleep and how long you stay	F7	2026-10-03
rw	HEPA	MOST	Raccomandato alla maggior parte dei viaggiatori (infezione trasmessa da cibo e acqua)	Recommended for most travellers (spread by food and water)	F6+F7	2026-10-03
rw	TYPHOID	MOST	Raccomandato alla maggior parte dei viaggiatori (cibo e acqua non sicuri)	Recommended for most travellers (unsafe food and water)	F6+F7	2026-10-03
rw	CHIK	SOME	Da valutare in caso di focolai o soggiorni lunghi; evita le punture di zanzara	Consider it during outbreaks or on long stays; avoid mosquito bites	F6+F7	2026-10-03
rw	CHOLERA	SOME	Da valutare solo per rischi elevati (focolai, lavoro umanitario): contano di piu' cibo e acqua sicuri	Consider it only for higher risks (outbreaks, humanitarian work): safe food and water matter more	F7	2026-10-03
rw	DENGUE	SOME	Il vaccino e' per pochi casi (per esempio chi ha gia' avuto la dengue) e lo decide il medico; la protezione principale e' evitare le punture di zanzara	The vaccine suits only a few people (for example those who already had dengue) and a doctor decides; avoiding mosquito bites is the main protection	F6+F7	2026-10-03
rw	HEPB	SOME	Da valutare per soggiorni lunghi, cure mediche sul posto o possibili contatti con sangue o a trasmissione sessuale	Consider it for long stays, medical care on the spot or possible blood or sexual contact	F6+F7	2026-10-03
rw	MENACWY	SOME	Da valutare secondo l'area, la stagione e i contatti stretti con la popolazione locale	Consider it depending on the area, the season and close contact with the local population	F6+F7	2026-10-03
rw	RABIES	SOME	Da valutare se si e' a contatto con animali, in aree isolate o per soggiorni lunghi	Consider it if you may be in contact with animals, in remote areas or on a long stay	F6+F7	2026-10-03
rw	YF	SOME	Raccomandato ai viaggiatori: rischio in tutto il paese (a basso potenziale in alcuni casi, chiedi al medico)	Recommended for travellers: risk across the country (low potential in some cases, ask a doctor)	F7	2026-10-03
sa	DENGUE	SOME	Il vaccino e' per pochi casi (per esempio chi ha gia' avuto la dengue) e lo decide il medico; la protezione principale e' evitare le punture di zanzara	The vaccine suits only a few people (for example those who already had dengue) and a doctor decides; avoiding mosquito bites is the main protection	F6+F7	2026-10-03
sa	HEPA	SOME	Da valutare in base al viaggio e al rischio di cibo e acqua non sicuri	Consider it depending on your trip and exposure to unsafe food and water	F6+F7	2026-10-03
sa	HEPB	SOME	Da valutare per soggiorni lunghi, cure mediche sul posto o possibili contatti con sangue o a trasmissione sessuale	Consider it for long stays, medical care on the spot or possible blood or sexual contact	F6+F7	2026-10-03
sa	MENACWY	SOME	Da valutare secondo l'area, la stagione e i contatti stretti con la popolazione locale	Consider it depending on the area, the season and close contact with the local population	F7	2026-10-03
sa	RABIES	SOME	Da valutare se si e' a contatto con animali, in aree isolate o per soggiorni lunghi	Consider it if you may be in contact with animals, in remote areas or on a long stay	F6+F7	2026-10-03
sa	TYPHOID	SOME	Da valutare in base a dove si mangia e si dorme e alla durata del soggiorno	Consider it depending on where you eat and sleep and how long you stay	F6+F7	2026-10-03
sb	HEPA	MOST	Raccomandato alla maggior parte dei viaggiatori (infezione trasmessa da cibo e acqua)	Recommended for most travellers (spread by food and water)	F6+F7	2026-10-03
sb	TYPHOID	MOST	Raccomandato alla maggior parte dei viaggiatori (cibo e acqua non sicuri)	Recommended for most travellers (unsafe food and water)	F6+F7	2026-10-03
sb	DENGUE	SOME	Il vaccino e' per pochi casi (per esempio chi ha gia' avuto la dengue) e lo decide il medico; la protezione principale e' evitare le punture di zanzara	The vaccine suits only a few people (for example those who already had dengue) and a doctor decides; avoiding mosquito bites is the main protection	F6+F7	2026-10-03
sb	HEPB	SOME	Da valutare per soggiorni lunghi, cure mediche sul posto o possibili contatti con sangue o a trasmissione sessuale	Consider it for long stays, medical care on the spot or possible blood or sexual contact	F6+F7	2026-10-03
sb	RABIES	SOME	Rischio solo da pipistrelli: da valutare per chi li maneggia o lavora con la fauna selvatica	Risk from bats only: consider it if you handle bats or work with wildlife	F6+F7	2026-10-03
sc	CHIK	SOME	Da valutare in caso di focolai o soggiorni lunghi; evita le punture di zanzara	Consider it during outbreaks or on long stays; avoid mosquito bites	F6+F7	2026-10-04
sc	DENGUE	SOME	Il vaccino e' per pochi casi (per esempio chi ha gia' avuto la dengue) e lo decide il medico; la protezione principale e' evitare le punture di zanzara	The vaccine suits only a few people (for example those who already had dengue) and a doctor decides; avoiding mosquito bites is the main protection	F6+F7	2026-10-04
sc	HEPA	SOME	Da valutare in base al viaggio e al rischio di cibo e acqua non sicuri	Consider it depending on your trip and exposure to unsafe food and water	F6+F7	2026-10-04
sc	HEPB	SOME	Da valutare per soggiorni lunghi, cure mediche sul posto o possibili contatti con sangue o a trasmissione sessuale	Consider it for long stays, medical care on the spot or possible blood or sexual contact	F6+F7	2026-10-04
sc	RABIES	SOME	Rischio solo da pipistrelli: da valutare per chi li maneggia o lavora con la fauna selvatica	Risk from bats only: consider it if you handle bats or work with wildlife	F6+F7	2026-10-04
sc	TYPHOID	SOME	Da valutare in base a dove si mangia e si dorme e alla durata del soggiorno	Consider it depending on where you eat and sleep and how long you stay	F6+F7	2026-10-04
sd	HEPA	MOST	Raccomandato alla maggior parte dei viaggiatori (infezione trasmessa da cibo e acqua)	Recommended for most travellers (spread by food and water)	F6+F7	2026-10-03
sd	TYPHOID	MOST	Raccomandato alla maggior parte dei viaggiatori (cibo e acqua non sicuri)	Recommended for most travellers (unsafe food and water)	F6+F7	2026-10-03
sd	CHIK	SOME	Da valutare in caso di focolai o soggiorni lunghi; evita le punture di zanzara	Consider it during outbreaks or on long stays; avoid mosquito bites	F6+F7	2026-10-03
sd	CHOLERA	SOME	Da valutare solo per rischi elevati (focolai, lavoro umanitario): contano di piu' cibo e acqua sicuri	Consider it only for higher risks (outbreaks, humanitarian work): safe food and water matter more	F6+F7	2026-10-03
sd	DENGUE	SOME	Il vaccino e' per pochi casi (per esempio chi ha gia' avuto la dengue) e lo decide il medico; la protezione principale e' evitare le punture di zanzara	The vaccine suits only a few people (for example those who already had dengue) and a doctor decides; avoiding mosquito bites is the main protection	F6+F7	2026-10-03
sd	HEPB	SOME	Da valutare per soggiorni lunghi, cure mediche sul posto o possibili contatti con sangue o a trasmissione sessuale	Consider it for long stays, medical care on the spot or possible blood or sexual contact	F6+F7	2026-10-03
sd	MENACWY	SOME	Da valutare secondo l'area, la stagione e i contatti stretti con la popolazione locale	Consider it depending on the area, the season and close contact with the local population	F6+F7	2026-10-03
sd	RABIES	SOME	Da valutare se si e' a contatto con animali, in aree isolate o per soggiorni lunghi	Consider it if you may be in contact with animals, in remote areas or on a long stay	F6+F7	2026-10-03
sd	YF	SOME	Raccomandato nelle aree a rischio, non in tutto il paese: dipende dall'itinerario	Recommended in the risk areas, not the whole country: depends on your itinerary	F6+F7	2026-10-03
se	RABIES	SOME	Rischio solo da pipistrelli: da valutare per chi li maneggia o lavora con la fauna selvatica	Risk from bats only: consider it if you handle bats or work with wildlife	F6+F7	2026-10-03
se	TBE	SOME	Da valutare per escursioni, campeggio o lavoro nei boschi nella stagione delle zecche	Consider it for hiking, camping or forest work in the tick season	F6+F7	2026-10-03
sg	CHIK	SOME	Da valutare in caso di focolai o soggiorni lunghi; evita le punture di zanzara	Consider it during outbreaks or on long stays; avoid mosquito bites	F6+F7	2026-10-03
sg	DENGUE	SOME	Il vaccino e' per pochi casi (per esempio chi ha gia' avuto la dengue) e lo decide il medico; la protezione principale e' evitare le punture di zanzara	The vaccine suits only a few people (for example those who already had dengue) and a doctor decides; avoiding mosquito bites is the main protection	F6+F7	2026-10-03
sg	HEPB	SOME	Da valutare per soggiorni lunghi, cure mediche sul posto o possibili contatti con sangue o a trasmissione sessuale	Consider it for long stays, medical care on the spot or possible blood or sexual contact	F6+F7	2026-10-03
sg	JE	SOME	Da valutare per soggiorni lunghi o in zone rurali, soprattutto nella stagione di trasmissione	Consider it for long stays or rural areas, especially in the transmission season	F6+F7	2026-10-03
sg	RABIES	SOME	Rischio solo da pipistrelli: da valutare per chi li maneggia o lavora con la fauna selvatica	Risk from bats only: consider it if you handle bats or work with wildlife	F6+F7	2026-10-03
si	HEPA	SOME	Da valutare in base al viaggio e al rischio di cibo e acqua non sicuri	Consider it depending on your trip and exposure to unsafe food and water	F6+F7	2026-10-03
si	RABIES	SOME	Da valutare se si e' a contatto con animali, in aree isolate o per soggiorni lunghi	Consider it if you may be in contact with animals, in remote areas or on a long stay	F6+F7	2026-10-03
si	TBE	SOME	Da valutare per escursioni, campeggio o lavoro nei boschi nella stagione delle zecche	Consider it for hiking, camping or forest work in the tick season	F6+F7	2026-10-03
sj	RABIES	SOME	Da valutare se si e' a contatto con animali, in aree isolate o per soggiorni lunghi	Consider it if you may be in contact with animals, in remote areas or on a long stay	F7	2026-10-03
sk	HEPA	SOME	Da valutare in base al viaggio e al rischio di cibo e acqua non sicuri	Consider it depending on your trip and exposure to unsafe food and water	F6+F7	2026-10-03
sk	RABIES	SOME	Da valutare se si e' a contatto con animali, in aree isolate o per soggiorni lunghi	Consider it if you may be in contact with animals, in remote areas or on a long stay	F6+F7	2026-10-03
sk	TBE	SOME	Da valutare per escursioni, campeggio o lavoro nei boschi nella stagione delle zecche	Consider it for hiking, camping or forest work in the tick season	F6+F7	2026-10-03
sl	HEPA	MOST	Raccomandato alla maggior parte dei viaggiatori (infezione trasmessa da cibo e acqua)	Recommended for most travellers (spread by food and water)	F6+F7	2026-10-04
sl	TYPHOID	MOST	Raccomandato alla maggior parte dei viaggiatori (cibo e acqua non sicuri)	Recommended for most travellers (unsafe food and water)	F6+F7	2026-10-04
sl	YF	MOST	Raccomandato ai viaggiatori: rischio in tutto il paese (a basso potenziale in alcuni casi, chiedi al medico)	Recommended for travellers: risk across the country (low potential in some cases, ask a doctor)	F6+F7	2026-10-04
sl	CHIK	SOME	Da valutare in caso di focolai o soggiorni lunghi; evita le punture di zanzara	Consider it during outbreaks or on long stays; avoid mosquito bites	F6+F7	2026-10-04
sl	CHOLERA	SOME	Da valutare solo per rischi elevati (focolai, lavoro umanitario): contano di piu' cibo e acqua sicuri	Consider it only for higher risks (outbreaks, humanitarian work): safe food and water matter more	F6+F7	2026-10-04
sl	DENGUE	SOME	Il vaccino e' per pochi casi (per esempio chi ha gia' avuto la dengue) e lo decide il medico; la protezione principale e' evitare le punture di zanzara	The vaccine suits only a few people (for example those who already had dengue) and a doctor decides; avoiding mosquito bites is the main protection	F6+F7	2026-10-04
sl	HEPB	SOME	Da valutare per soggiorni lunghi, cure mediche sul posto o possibili contatti con sangue o a trasmissione sessuale	Consider it for long stays, medical care on the spot or possible blood or sexual contact	F6+F7	2026-10-04
sl	RABIES	SOME	Da valutare se si e' a contatto con animali, in aree isolate o per soggiorni lunghi	Consider it if you may be in contact with animals, in remote areas or on a long stay	F6+F7	2026-10-04
sm	RABIES	SOME	Rischio solo da pipistrelli: da valutare per chi li maneggia o lavora con la fauna selvatica	Risk from bats only: consider it if you handle bats or work with wildlife	F6+F7	2026-10-03
sn	HEPA	MOST	Raccomandato alla maggior parte dei viaggiatori (infezione trasmessa da cibo e acqua)	Recommended for most travellers (spread by food and water)	F6+F7	2026-10-03
sn	TYPHOID	MOST	Raccomandato alla maggior parte dei viaggiatori (cibo e acqua non sicuri)	Recommended for most travellers (unsafe food and water)	F6+F7	2026-10-03
sn	YF	MOST	Raccomandato ai viaggiatori: rischio in tutto il paese (a basso potenziale in alcuni casi, chiedi al medico)	Recommended for travellers: risk across the country (low potential in some cases, ask a doctor)	F6+F7	2026-10-03
sn	CHIK	SOME	Da valutare in caso di focolai o soggiorni lunghi; evita le punture di zanzara	Consider it during outbreaks or on long stays; avoid mosquito bites	F6+F7	2026-10-03
sn	CHOLERA	SOME	Da valutare solo per rischi elevati (focolai, lavoro umanitario): contano di piu' cibo e acqua sicuri	Consider it only for higher risks (outbreaks, humanitarian work): safe food and water matter more	F7	2026-10-03
sn	DENGUE	SOME	Il vaccino e' per pochi casi (per esempio chi ha gia' avuto la dengue) e lo decide il medico; la protezione principale e' evitare le punture di zanzara	The vaccine suits only a few people (for example those who already had dengue) and a doctor decides; avoiding mosquito bites is the main protection	F6+F7	2026-10-03
sn	HEPB	SOME	Da valutare per soggiorni lunghi, cure mediche sul posto o possibili contatti con sangue o a trasmissione sessuale	Consider it for long stays, medical care on the spot or possible blood or sexual contact	F6+F7	2026-10-03
sn	MENACWY	SOME	Da valutare secondo l'area, la stagione e i contatti stretti con la popolazione locale	Consider it depending on the area, the season and close contact with the local population	F6+F7	2026-10-03
sn	RABIES	SOME	Da valutare se si e' a contatto con animali, in aree isolate o per soggiorni lunghi	Consider it if you may be in contact with animals, in remote areas or on a long stay	F6+F7	2026-10-03
so	HEPA	MOST	Raccomandato alla maggior parte dei viaggiatori (infezione trasmessa da cibo e acqua)	Recommended for most travellers (spread by food and water)	F6+F7	2026-10-04
so	TYPHOID	MOST	Raccomandato alla maggior parte dei viaggiatori (cibo e acqua non sicuri)	Recommended for most travellers (unsafe food and water)	F6+F7	2026-10-04
so	CHIK	SOME	Da valutare in caso di focolai o soggiorni lunghi; evita le punture di zanzara	Consider it during outbreaks or on long stays; avoid mosquito bites	F6+F7	2026-10-04
so	CHOLERA	SOME	Da valutare solo per rischi elevati (focolai, lavoro umanitario): contano di piu' cibo e acqua sicuri	Consider it only for higher risks (outbreaks, humanitarian work): safe food and water matter more	F6+F7	2026-10-04
so	DENGUE	SOME	Il vaccino e' per pochi casi (per esempio chi ha gia' avuto la dengue) e lo decide il medico; la protezione principale e' evitare le punture di zanzara	The vaccine suits only a few people (for example those who already had dengue) and a doctor decides; avoiding mosquito bites is the main protection	F6+F7	2026-10-04
so	HEPB	SOME	Da valutare per soggiorni lunghi, cure mediche sul posto o possibili contatti con sangue o a trasmissione sessuale	Consider it for long stays, medical care on the spot or possible blood or sexual contact	F6+F7	2026-10-04
so	RABIES	SOME	Da valutare se si e' a contatto con animali, in aree isolate o per soggiorni lunghi	Consider it if you may be in contact with animals, in remote areas or on a long stay	F6+F7	2026-10-04
so	YF	SOME	Solo basso potenziale nelle regioni centro-meridionali: di solito non serve, da valutare per soggiorni lunghi o molta esposizione alle zanzare; sconsigliato dai 60 anni	Low potential only, in the south-central regions: usually not needed, consider it for long stays or heavy mosquito exposure; not advised from age 60	F6+F7	2026-10-04
sr	HEPA	MOST	Raccomandato alla maggior parte dei viaggiatori (infezione trasmessa da cibo e acqua)	Recommended for most travellers (spread by food and water)	F6+F7	2026-10-03
sr	TYPHOID	MOST	Raccomandato alla maggior parte dei viaggiatori (cibo e acqua non sicuri)	Recommended for most travellers (unsafe food and water)	F7	2026-10-03
sr	YF	MOST	Raccomandato ai viaggiatori: rischio in tutto il paese (a basso potenziale in alcuni casi, chiedi al medico)	Recommended for travellers: risk across the country (low potential in some cases, ask a doctor)	F6+F7	2026-10-03
sr	CHIK	SOME	Da valutare in caso di focolai o soggiorni lunghi; evita le punture di zanzara	Consider it during outbreaks or on long stays; avoid mosquito bites	F6+F7	2026-10-03
sr	DENGUE	SOME	Il vaccino e' per pochi casi (per esempio chi ha gia' avuto la dengue) e lo decide il medico; la protezione principale e' evitare le punture di zanzara	The vaccine suits only a few people (for example those who already had dengue) and a doctor decides; avoiding mosquito bites is the main protection	F6+F7	2026-10-03
sr	HEPB	SOME	Da valutare per soggiorni lunghi, cure mediche sul posto o possibili contatti con sangue o a trasmissione sessuale	Consider it for long stays, medical care on the spot or possible blood or sexual contact	F6+F7	2026-10-03
sr	RABIES	SOME	Da valutare se si e' a contatto con animali, in aree isolate o per soggiorni lunghi	Consider it if you may be in contact with animals, in remote areas or on a long stay	F6+F7	2026-10-03
ss	HEPA	MOST	Raccomandato alla maggior parte dei viaggiatori (infezione trasmessa da cibo e acqua)	Recommended for most travellers (spread by food and water)	F6+F7	2026-10-03
ss	TYPHOID	MOST	Raccomandato alla maggior parte dei viaggiatori (cibo e acqua non sicuri)	Recommended for most travellers (unsafe food and water)	F6+F7	2026-10-03
ss	YF	MOST	Raccomandato ai viaggiatori: rischio in tutto il paese (a basso potenziale in alcuni casi, chiedi al medico)	Recommended for travellers: risk across the country (low potential in some cases, ask a doctor)	F6+F7	2026-10-03
ss	CHIK	SOME	Da valutare in caso di focolai o soggiorni lunghi; evita le punture di zanzara	Consider it during outbreaks or on long stays; avoid mosquito bites	F6+F7	2026-10-03
ss	CHOLERA	SOME	Da valutare solo per rischi elevati (focolai, lavoro umanitario): contano di piu' cibo e acqua sicuri	Consider it only for higher risks (outbreaks, humanitarian work): safe food and water matter more	F6+F7	2026-10-03
ss	DENGUE	SOME	Il vaccino e' per pochi casi (per esempio chi ha gia' avuto la dengue) e lo decide il medico; la protezione principale e' evitare le punture di zanzara	The vaccine suits only a few people (for example those who already had dengue) and a doctor decides; avoiding mosquito bites is the main protection	F6+F7	2026-10-03
ss	HEPB	SOME	Da valutare per soggiorni lunghi, cure mediche sul posto o possibili contatti con sangue o a trasmissione sessuale	Consider it for long stays, medical care on the spot or possible blood or sexual contact	F6+F7	2026-10-03
ss	MENACWY	SOME	Da valutare secondo l'area, la stagione e i contatti stretti con la popolazione locale	Consider it depending on the area, the season and close contact with the local population	F6+F7	2026-10-03
ss	RABIES	SOME	Da valutare se si e' a contatto con animali, in aree isolate o per soggiorni lunghi	Consider it if you may be in contact with animals, in remote areas or on a long stay	F6+F7	2026-10-03
st	HEPA	MOST	Raccomandato alla maggior parte dei viaggiatori (infezione trasmessa da cibo e acqua)	Recommended for most travellers (spread by food and water)	F6+F7	2026-10-03
st	TYPHOID	MOST	Raccomandato alla maggior parte dei viaggiatori (cibo e acqua non sicuri)	Recommended for most travellers (unsafe food and water)	F6+F7	2026-10-03
st	DENGUE	SOME	Il vaccino e' per pochi casi (per esempio chi ha gia' avuto la dengue) e lo decide il medico; la protezione principale e' evitare le punture di zanzara	The vaccine suits only a few people (for example those who already had dengue) and a doctor decides; avoiding mosquito bites is the main protection	F6+F7	2026-10-03
st	HEPB	SOME	Da valutare per soggiorni lunghi, cure mediche sul posto o possibili contatti con sangue o a trasmissione sessuale	Consider it for long stays, medical care on the spot or possible blood or sexual contact	F6+F7	2026-10-03
st	RABIES	SOME	Da valutare se si e' a contatto con animali, in aree isolate o per soggiorni lunghi	Consider it if you may be in contact with animals, in remote areas or on a long stay	F6+F7	2026-10-03
st	YF	SOME	Raccomandato ai viaggiatori: rischio in tutto il paese (a basso potenziale in alcuni casi, chiedi al medico)	Recommended for travellers: risk across the country (low potential in some cases, ask a doctor)	F7	2026-10-03
sv	HEPA	MOST	Raccomandato alla maggior parte dei viaggiatori (infezione trasmessa da cibo e acqua)	Recommended for most travellers (spread by food and water)	F6+F7	2026-10-04
sv	TYPHOID	MOST	Raccomandato alla maggior parte dei viaggiatori (cibo e acqua non sicuri)	Recommended for most travellers (unsafe food and water)	F7	2026-10-04
sv	CHIK	SOME	Da valutare in caso di focolai o soggiorni lunghi; evita le punture di zanzara	Consider it during outbreaks or on long stays; avoid mosquito bites	F6+F7	2026-10-04
sv	DENGUE	SOME	Il vaccino e' per pochi casi (per esempio chi ha gia' avuto la dengue) e lo decide il medico; la protezione principale e' evitare le punture di zanzara	The vaccine suits only a few people (for example those who already had dengue) and a doctor decides; avoiding mosquito bites is the main protection	F6+F7	2026-10-04
sv	RABIES	SOME	Da valutare se si e' a contatto con animali, in aree isolate o per soggiorni lunghi	Consider it if you may be in contact with animals, in remote areas or on a long stay	F6+F7	2026-10-04
sx	DENGUE	SOME	Il vaccino e' per pochi casi (per esempio chi ha gia' avuto la dengue) e lo decide il medico; la protezione principale e' evitare le punture di zanzara	The vaccine suits only a few people (for example those who already had dengue) and a doctor decides; avoiding mosquito bites is the main protection	F7	2026-10-03
sx	HEPB	SOME	Da valutare per soggiorni lunghi, cure mediche sul posto o possibili contatti con sangue o a trasmissione sessuale	Consider it for long stays, medical care on the spot or possible blood or sexual contact	F6+F7	2026-10-03
sx	RABIES	SOME	Rischio solo da pipistrelli: da valutare per chi li maneggia o lavora con la fauna selvatica	Risk from bats only: consider it if you handle bats or work with wildlife	F6+F7	2026-10-03
sy	HEPA	MOST	Raccomandato alla maggior parte dei viaggiatori (infezione trasmessa da cibo e acqua)	Recommended for most travellers (spread by food and water)	F6+F7	2026-10-03
sy	TYPHOID	MOST	Raccomandato alla maggior parte dei viaggiatori (cibo e acqua non sicuri)	Recommended for most travellers (unsafe food and water)	F6+F7	2026-10-03
sy	CHOLERA	SOME	Da valutare solo per rischi elevati (focolai, lavoro umanitario): contano di piu' cibo e acqua sicuri	Consider it only for higher risks (outbreaks, humanitarian work): safe food and water matter more	F6+F7	2026-10-03
sy	HEPB	SOME	Da valutare per soggiorni lunghi, cure mediche sul posto o possibili contatti con sangue o a trasmissione sessuale	Consider it for long stays, medical care on the spot or possible blood or sexual contact	F6+F7	2026-10-03
sy	RABIES	SOME	Da valutare se si e' a contatto con animali, in aree isolate o per soggiorni lunghi	Consider it if you may be in contact with animals, in remote areas or on a long stay	F6+F7	2026-10-03
sz	HEPA	MOST	Raccomandato alla maggior parte dei viaggiatori (infezione trasmessa da cibo e acqua)	Recommended for most travellers (spread by food and water)	F6+F7	2026-10-03
sz	TYPHOID	MOST	Raccomandato alla maggior parte dei viaggiatori (cibo e acqua non sicuri)	Recommended for most travellers (unsafe food and water)	F7	2026-10-03
sz	CHOLERA	SOME	Da valutare solo per rischi elevati (focolai, lavoro umanitario): contano di piu' cibo e acqua sicuri	Consider it only for higher risks (outbreaks, humanitarian work): safe food and water matter more	F7	2026-10-03
sz	HEPB	SOME	Da valutare per soggiorni lunghi, cure mediche sul posto o possibili contatti con sangue o a trasmissione sessuale	Consider it for long stays, medical care on the spot or possible blood or sexual contact	F6+F7	2026-10-03
sz	RABIES	SOME	Da valutare se si e' a contatto con animali, in aree isolate o per soggiorni lunghi	Consider it if you may be in contact with animals, in remote areas or on a long stay	F6+F7	2026-10-03
tc	DENGUE	SOME	Il vaccino e' per pochi casi (per esempio chi ha gia' avuto la dengue) e lo decide il medico; la protezione principale e' evitare le punture di zanzara	The vaccine suits only a few people (for example those who already had dengue) and a doctor decides; avoiding mosquito bites is the main protection	F6+F7	2026-10-03
tc	HEPB	SOME	Da valutare per soggiorni lunghi, cure mediche sul posto o possibili contatti con sangue o a trasmissione sessuale	Consider it for long stays, medical care on the spot or possible blood or sexual contact	F6+F7	2026-10-03
tc	RABIES	SOME	Rischio solo da pipistrelli: da valutare per chi li maneggia o lavora con la fauna selvatica	Risk from bats only: consider it if you handle bats or work with wildlife	F6+F7	2026-10-03
td	HEPA	MOST	Raccomandato alla maggior parte dei viaggiatori (infezione trasmessa da cibo e acqua)	Recommended for most travellers (spread by food and water)	F6+F7	2026-10-03
td	TYPHOID	MOST	Raccomandato alla maggior parte dei viaggiatori (cibo e acqua non sicuri)	Recommended for most travellers (unsafe food and water)	F6+F7	2026-10-03
td	CHIK	SOME	Da valutare in caso di focolai o soggiorni lunghi; evita le punture di zanzara	Consider it during outbreaks or on long stays; avoid mosquito bites	F6+F7	2026-10-03
td	CHOLERA	SOME	Da valutare solo per rischi elevati (focolai, lavoro umanitario): contano di piu' cibo e acqua sicuri	Consider it only for higher risks (outbreaks, humanitarian work): safe food and water matter more	F6+F7	2026-10-03
td	DENGUE	SOME	Il vaccino e' per pochi casi (per esempio chi ha gia' avuto la dengue) e lo decide il medico; la protezione principale e' evitare le punture di zanzara	The vaccine suits only a few people (for example those who already had dengue) and a doctor decides; avoiding mosquito bites is the main protection	F6+F7	2026-10-03
td	HEPB	SOME	Da valutare per soggiorni lunghi, cure mediche sul posto o possibili contatti con sangue o a trasmissione sessuale	Consider it for long stays, medical care on the spot or possible blood or sexual contact	F6+F7	2026-10-03
td	MENACWY	SOME	Da valutare secondo l'area, la stagione e i contatti stretti con la popolazione locale	Consider it depending on the area, the season and close contact with the local population	F6+F7	2026-10-03
td	RABIES	SOME	Da valutare se si e' a contatto con animali, in aree isolate o per soggiorni lunghi	Consider it if you may be in contact with animals, in remote areas or on a long stay	F6+F7	2026-10-03
td	YF	SOME	Raccomandato nelle aree a rischio, non in tutto il paese: dipende dall'itinerario	Recommended in the risk areas, not the whole country: depends on your itinerary	F6+F7	2026-10-03
tg	HEPA	MOST	Raccomandato alla maggior parte dei viaggiatori (infezione trasmessa da cibo e acqua)	Recommended for most travellers (spread by food and water)	F6+F7	2026-10-03
tg	TYPHOID	MOST	Raccomandato alla maggior parte dei viaggiatori (cibo e acqua non sicuri)	Recommended for most travellers (unsafe food and water)	F6+F7	2026-10-03
tg	YF	MOST	Raccomandato ai viaggiatori: rischio in tutto il paese (a basso potenziale in alcuni casi, chiedi al medico)	Recommended for travellers: risk across the country (low potential in some cases, ask a doctor)	F6+F7	2026-10-03
tg	CHIK	SOME	Da valutare in caso di focolai o soggiorni lunghi; evita le punture di zanzara	Consider it during outbreaks or on long stays; avoid mosquito bites	F6+F7	2026-10-03
tg	CHOLERA	SOME	Da valutare solo per rischi elevati (focolai, lavoro umanitario): contano di piu' cibo e acqua sicuri	Consider it only for higher risks (outbreaks, humanitarian work): safe food and water matter more	F6+F7	2026-10-03
tg	DENGUE	SOME	Il vaccino e' per pochi casi (per esempio chi ha gia' avuto la dengue) e lo decide il medico; la protezione principale e' evitare le punture di zanzara	The vaccine suits only a few people (for example those who already had dengue) and a doctor decides; avoiding mosquito bites is the main protection	F6+F7	2026-10-03
tg	HEPB	SOME	Da valutare per soggiorni lunghi, cure mediche sul posto o possibili contatti con sangue o a trasmissione sessuale	Consider it for long stays, medical care on the spot or possible blood or sexual contact	F6+F7	2026-10-03
tg	MENACWY	SOME	Da valutare secondo l'area, la stagione e i contatti stretti con la popolazione locale	Consider it depending on the area, the season and close contact with the local population	F6+F7	2026-10-03
tg	RABIES	SOME	Da valutare se si e' a contatto con animali, in aree isolate o per soggiorni lunghi	Consider it if you may be in contact with animals, in remote areas or on a long stay	F6+F7	2026-10-03
th	HEPA	MOST	Raccomandato alla maggior parte dei viaggiatori (infezione trasmessa da cibo e acqua)	Recommended for most travellers (spread by food and water)	F6+F7	2026-10-03
th	CHIK	SOME	Da valutare in caso di focolai o soggiorni lunghi; evita le punture di zanzara	Consider it during outbreaks or on long stays; avoid mosquito bites	F6+F7	2026-10-03
th	DENGUE	SOME	Il vaccino e' per pochi casi (per esempio chi ha gia' avuto la dengue) e lo decide il medico; la protezione principale e' evitare le punture di zanzara	The vaccine suits only a few people (for example those who already had dengue) and a doctor decides; avoiding mosquito bites is the main protection	F6+F7	2026-10-03
th	HEPB	SOME	Da valutare per soggiorni lunghi, cure mediche sul posto o possibili contatti con sangue o a trasmissione sessuale	Consider it for long stays, medical care on the spot or possible blood or sexual contact	F6+F7	2026-10-03
th	JE	SOME	Da valutare per soggiorni lunghi o in zone rurali, soprattutto nella stagione di trasmissione	Consider it for long stays or rural areas, especially in the transmission season	F6+F7	2026-10-03
th	RABIES	SOME	Da valutare se si e' a contatto con animali, in aree isolate o per soggiorni lunghi	Consider it if you may be in contact with animals, in remote areas or on a long stay	F6+F7	2026-10-03
th	TYPHOID	SOME	Da valutare in base a dove si mangia e si dorme e alla durata del soggiorno	Consider it depending on where you eat and sleep and how long you stay	F6+F7	2026-10-03
tj	HEPA	MOST	Raccomandato alla maggior parte dei viaggiatori (infezione trasmessa da cibo e acqua)	Recommended for most travellers (spread by food and water)	F6+F7	2026-10-03
tj	HEPB	SOME	Da valutare per soggiorni lunghi, cure mediche sul posto o possibili contatti con sangue o a trasmissione sessuale	Consider it for long stays, medical care on the spot or possible blood or sexual contact	F6+F7	2026-10-03
tj	RABIES	SOME	Da valutare se si e' a contatto con animali, in aree isolate o per soggiorni lunghi	Consider it if you may be in contact with animals, in remote areas or on a long stay	F6+F7	2026-10-03
tj	TYPHOID	SOME	Da valutare in base a dove si mangia e si dorme e alla durata del soggiorno	Consider it depending on where you eat and sleep and how long you stay	F7	2026-10-03
tk	HEPA	MOST	Raccomandato alla maggior parte dei viaggiatori (infezione trasmessa da cibo e acqua)	Recommended for most travellers (spread by food and water)	F6+F7	2026-10-03
tk	DENGUE	SOME	Il vaccino e' per pochi casi (per esempio chi ha gia' avuto la dengue) e lo decide il medico; la protezione principale e' evitare le punture di zanzara	The vaccine suits only a few people (for example those who already had dengue) and a doctor decides; avoiding mosquito bites is the main protection	F6+F7	2026-10-03
tk	HEPB	SOME	Da valutare per soggiorni lunghi, cure mediche sul posto o possibili contatti con sangue o a trasmissione sessuale	Consider it for long stays, medical care on the spot or possible blood or sexual contact	F6+F7	2026-10-03
tk	RABIES	SOME	Rischio solo da pipistrelli: da valutare per chi li maneggia o lavora con la fauna selvatica	Risk from bats only: consider it if you handle bats or work with wildlife	F6+F7	2026-10-03
tk	TYPHOID	SOME	Da valutare in base a dove si mangia e si dorme e alla durata del soggiorno	Consider it depending on where you eat and sleep and how long you stay	F7	2026-10-03
tl	HEPA	MOST	Raccomandato alla maggior parte dei viaggiatori (infezione trasmessa da cibo e acqua)	Recommended for most travellers (spread by food and water)	F6+F7	2026-10-03
tl	TYPHOID	MOST	Raccomandato alla maggior parte dei viaggiatori (cibo e acqua non sicuri)	Recommended for most travellers (unsafe food and water)	F6+F7	2026-10-03
tl	CHIK	SOME	Da valutare in caso di focolai o soggiorni lunghi; evita le punture di zanzara	Consider it during outbreaks or on long stays; avoid mosquito bites	F6+F7	2026-10-03
tl	DENGUE	SOME	Il vaccino e' per pochi casi (per esempio chi ha gia' avuto la dengue) e lo decide il medico; la protezione principale e' evitare le punture di zanzara	The vaccine suits only a few people (for example those who already had dengue) and a doctor decides; avoiding mosquito bites is the main protection	F6+F7	2026-10-03
tl	HEPB	SOME	Da valutare per soggiorni lunghi, cure mediche sul posto o possibili contatti con sangue o a trasmissione sessuale	Consider it for long stays, medical care on the spot or possible blood or sexual contact	F6+F7	2026-10-03
tl	JE	SOME	Da valutare per soggiorni lunghi o in zone rurali, soprattutto nella stagione di trasmissione	Consider it for long stays or rural areas, especially in the transmission season	F6+F7	2026-10-03
tl	RABIES	SOME	Da valutare se si e' a contatto con animali, in aree isolate o per soggiorni lunghi	Consider it if you may be in contact with animals, in remote areas or on a long stay	F6+F7	2026-10-03
tm	HEPA	MOST	Raccomandato alla maggior parte dei viaggiatori (infezione trasmessa da cibo e acqua)	Recommended for most travellers (spread by food and water)	F6+F7	2026-10-03
tm	TYPHOID	MOST	Raccomandato alla maggior parte dei viaggiatori (cibo e acqua non sicuri)	Recommended for most travellers (unsafe food and water)	F7	2026-10-03
tm	HEPB	SOME	Da valutare per soggiorni lunghi, cure mediche sul posto o possibili contatti con sangue o a trasmissione sessuale	Consider it for long stays, medical care on the spot or possible blood or sexual contact	F6+F7	2026-10-03
tm	RABIES	SOME	Da valutare se si e' a contatto con animali, in aree isolate o per soggiorni lunghi	Consider it if you may be in contact with animals, in remote areas or on a long stay	F6+F7	2026-10-03
tn	HEPA	MOST	Raccomandato alla maggior parte dei viaggiatori (infezione trasmessa da cibo e acqua)	Recommended for most travellers (spread by food and water)	F6+F7	2026-10-03
tn	HEPB	SOME	Da valutare per soggiorni lunghi, cure mediche sul posto o possibili contatti con sangue o a trasmissione sessuale	Consider it for long stays, medical care on the spot or possible blood or sexual contact	F6+F7	2026-10-03
tn	RABIES	SOME	Da valutare se si e' a contatto con animali, in aree isolate o per soggiorni lunghi	Consider it if you may be in contact with animals, in remote areas or on a long stay	F6+F7	2026-10-03
tn	TYPHOID	SOME	Da valutare in base a dove si mangia e si dorme e alla durata del soggiorno	Consider it depending on where you eat and sleep and how long you stay	F6+F7	2026-10-03
to	DENGUE	SOME	Il vaccino e' per pochi casi (per esempio chi ha gia' avuto la dengue) e lo decide il medico; la protezione principale e' evitare le punture di zanzara	The vaccine suits only a few people (for example those who already had dengue) and a doctor decides; avoiding mosquito bites is the main protection	F6+F7	2026-10-03
to	HEPA	SOME	Da valutare in base al viaggio e al rischio di cibo e acqua non sicuri	Consider it depending on your trip and exposure to unsafe food and water	F6+F7	2026-10-03
to	HEPB	SOME	Da valutare per soggiorni lunghi, cure mediche sul posto o possibili contatti con sangue o a trasmissione sessuale	Consider it for long stays, medical care on the spot or possible blood or sexual contact	F6+F7	2026-10-03
to	RABIES	SOME	Rischio solo da pipistrelli: da valutare per chi li maneggia o lavora con la fauna selvatica	Risk from bats only: consider it if you handle bats or work with wildlife	F6+F7	2026-10-03
to	TYPHOID	SOME	Da valutare in base a dove si mangia e si dorme e alla durata del soggiorno	Consider it depending on where you eat and sleep and how long you stay	F6+F7	2026-10-03
tr	HEPA	MOST	Raccomandato alla maggior parte dei viaggiatori (infezione trasmessa da cibo e acqua)	Recommended for most travellers (spread by food and water)	F6+F7	2026-10-03
tr	HEPB	SOME	Da valutare per soggiorni lunghi, cure mediche sul posto o possibili contatti con sangue o a trasmissione sessuale	Consider it for long stays, medical care on the spot or possible blood or sexual contact	F6+F7	2026-10-03
tr	RABIES	SOME	Da valutare se si e' a contatto con animali, in aree isolate o per soggiorni lunghi	Consider it if you may be in contact with animals, in remote areas or on a long stay	F6+F7	2026-10-03
tr	TYPHOID	SOME	Da valutare in base a dove si mangia e si dorme e alla durata del soggiorno	Consider it depending on where you eat and sleep and how long you stay	F6+F7	2026-10-03
tt	DENGUE	SOME	Il vaccino e' per pochi casi (per esempio chi ha gia' avuto la dengue) e lo decide il medico; la protezione principale e' evitare le punture di zanzara	The vaccine suits only a few people (for example those who already had dengue) and a doctor decides; avoiding mosquito bites is the main protection	F6+F7	2026-10-03
tt	HEPA	SOME	Da valutare in base al viaggio e al rischio di cibo e acqua non sicuri	Consider it depending on your trip and exposure to unsafe food and water	F6+F7	2026-10-03
tt	RABIES	SOME	Da valutare se si e' a contatto con animali, in aree isolate o per soggiorni lunghi	Consider it if you may be in contact with animals, in remote areas or on a long stay	F6+F7	2026-10-03
tt	YF	SOME	Raccomandato nelle aree a rischio, non in tutto il paese: dipende dall'itinerario	Recommended in the risk areas, not the whole country: depends on your itinerary	F6+F7	2026-10-03
tv	HEPA	MOST	Raccomandato alla maggior parte dei viaggiatori (infezione trasmessa da cibo e acqua)	Recommended for most travellers (spread by food and water)	F6+F7	2026-10-03
tv	DENGUE	SOME	Il vaccino e' per pochi casi (per esempio chi ha gia' avuto la dengue) e lo decide il medico; la protezione principale e' evitare le punture di zanzara	The vaccine suits only a few people (for example those who already had dengue) and a doctor decides; avoiding mosquito bites is the main protection	F6+F7	2026-10-03
tv	HEPB	SOME	Da valutare per soggiorni lunghi, cure mediche sul posto o possibili contatti con sangue o a trasmissione sessuale	Consider it for long stays, medical care on the spot or possible blood or sexual contact	F6+F7	2026-10-03
tv	RABIES	SOME	Rischio solo da pipistrelli: da valutare per chi li maneggia o lavora con la fauna selvatica	Risk from bats only: consider it if you handle bats or work with wildlife	F6+F7	2026-10-03
tv	TYPHOID	SOME	Da valutare in base a dove si mangia e si dorme e alla durata del soggiorno	Consider it depending on where you eat and sleep and how long you stay	F7	2026-10-03
tw	CHIK	SOME	Da valutare in caso di focolai o soggiorni lunghi; evita le punture di zanzara	Consider it during outbreaks or on long stays; avoid mosquito bites	F6+F7	2026-10-03
tw	DENGUE	SOME	Il vaccino e' per pochi casi (per esempio chi ha gia' avuto la dengue) e lo decide il medico; la protezione principale e' evitare le punture di zanzara	The vaccine suits only a few people (for example those who already had dengue) and a doctor decides; avoiding mosquito bites is the main protection	F6+F7	2026-10-03
tw	HEPA	SOME	Da valutare in base al viaggio e al rischio di cibo e acqua non sicuri	Consider it depending on your trip and exposure to unsafe food and water	F6+F7	2026-10-03
tw	HEPB	SOME	Da valutare per soggiorni lunghi, cure mediche sul posto o possibili contatti con sangue o a trasmissione sessuale	Consider it for long stays, medical care on the spot or possible blood or sexual contact	F6+F7	2026-10-03
tw	JE	SOME	Da valutare per soggiorni lunghi o in zone rurali, soprattutto nella stagione di trasmissione	Consider it for long stays or rural areas, especially in the transmission season	F6+F7	2026-10-03
tw	RABIES	SOME	Da valutare se si e' a contatto con animali, in aree isolate o per soggiorni lunghi	Consider it if you may be in contact with animals, in remote areas or on a long stay	F6+F7	2026-10-03
tz	HEPA	MOST	Raccomandato alla maggior parte dei viaggiatori (infezione trasmessa da cibo e acqua)	Recommended for most travellers (spread by food and water)	F6+F7	2026-10-03
tz	TYPHOID	MOST	Raccomandato alla maggior parte dei viaggiatori (cibo e acqua non sicuri)	Recommended for most travellers (unsafe food and water)	F6+F7	2026-10-03
tz	CHIK	SOME	Da valutare in caso di focolai o soggiorni lunghi; evita le punture di zanzara	Consider it during outbreaks or on long stays; avoid mosquito bites	F6+F7	2026-10-03
tz	CHOLERA	SOME	Da valutare solo per rischi elevati (focolai, lavoro umanitario): contano di piu' cibo e acqua sicuri	Consider it only for higher risks (outbreaks, humanitarian work): safe food and water matter more	F6+F7	2026-10-03
tz	DENGUE	SOME	Il vaccino e' per pochi casi (per esempio chi ha gia' avuto la dengue) e lo decide il medico; la protezione principale e' evitare le punture di zanzara	The vaccine suits only a few people (for example those who already had dengue) and a doctor decides; avoiding mosquito bites is the main protection	F6+F7	2026-10-03
tz	HEPB	SOME	Da valutare per soggiorni lunghi, cure mediche sul posto o possibili contatti con sangue o a trasmissione sessuale	Consider it for long stays, medical care on the spot or possible blood or sexual contact	F6+F7	2026-10-03
tz	MENACWY	SOME	Da valutare secondo l'area, la stagione e i contatti stretti con la popolazione locale	Consider it depending on the area, the season and close contact with the local population	F6+F7	2026-10-03
tz	RABIES	SOME	Da valutare se si e' a contatto con animali, in aree isolate o per soggiorni lunghi	Consider it if you may be in contact with animals, in remote areas or on a long stay	F6+F7	2026-10-03
tz	YF	SOME	Raccomandato ai viaggiatori: rischio in tutto il paese (a basso potenziale in alcuni casi, chiedi al medico)	Recommended for travellers: risk across the country (low potential in some cases, ask a doctor)	F7	2026-10-03
ua	HEPA	MOST	Raccomandato alla maggior parte dei viaggiatori (infezione trasmessa da cibo e acqua)	Recommended for most travellers (spread by food and water)	F6+F7	2026-10-03
ua	HEPB	SOME	Da valutare per soggiorni lunghi, cure mediche sul posto o possibili contatti con sangue o a trasmissione sessuale	Consider it for long stays, medical care on the spot or possible blood or sexual contact	F6+F7	2026-10-03
ua	RABIES	SOME	Da valutare se si e' a contatto con animali, in aree isolate o per soggiorni lunghi	Consider it if you may be in contact with animals, in remote areas or on a long stay	F6+F7	2026-10-03
ua	TBE	SOME	Da valutare per escursioni, campeggio o lavoro nei boschi nella stagione delle zecche	Consider it for hiking, camping or forest work in the tick season	F6+F7	2026-10-03
ua	TYPHOID	SOME	Da valutare in base a dove si mangia e si dorme e alla durata del soggiorno	Consider it depending on where you eat and sleep and how long you stay	F7	2026-10-03
ug	HEPA	MOST	Raccomandato alla maggior parte dei viaggiatori (infezione trasmessa da cibo e acqua)	Recommended for most travellers (spread by food and water)	F6+F7	2026-10-03
ug	TYPHOID	MOST	Raccomandato alla maggior parte dei viaggiatori (cibo e acqua non sicuri)	Recommended for most travellers (unsafe food and water)	F6+F7	2026-10-03
ug	YF	MOST	Raccomandato ai viaggiatori: rischio in tutto il paese (a basso potenziale in alcuni casi, chiedi al medico)	Recommended for travellers: risk across the country (low potential in some cases, ask a doctor)	F6+F7	2026-10-03
ug	CHIK	SOME	Da valutare in caso di focolai o soggiorni lunghi; evita le punture di zanzara	Consider it during outbreaks or on long stays; avoid mosquito bites	F6+F7	2026-10-03
ug	CHOLERA	SOME	Da valutare solo per rischi elevati (focolai, lavoro umanitario): contano di piu' cibo e acqua sicuri	Consider it only for higher risks (outbreaks, humanitarian work): safe food and water matter more	F6+F7	2026-10-03
ug	DENGUE	SOME	Il vaccino e' per pochi casi (per esempio chi ha gia' avuto la dengue) e lo decide il medico; la protezione principale e' evitare le punture di zanzara	The vaccine suits only a few people (for example those who already had dengue) and a doctor decides; avoiding mosquito bites is the main protection	F6+F7	2026-10-03
ug	HEPB	SOME	Da valutare per soggiorni lunghi, cure mediche sul posto o possibili contatti con sangue o a trasmissione sessuale	Consider it for long stays, medical care on the spot or possible blood or sexual contact	F6+F7	2026-10-03
ug	MENACWY	SOME	Da valutare secondo l'area, la stagione e i contatti stretti con la popolazione locale	Consider it depending on the area, the season and close contact with the local population	F6+F7	2026-10-03
ug	RABIES	SOME	Da valutare se si e' a contatto con animali, in aree isolate o per soggiorni lunghi	Consider it if you may be in contact with animals, in remote areas or on a long stay	F6+F7	2026-10-03
us	RABIES	SOME	Da valutare se si e' a contatto con animali, in aree isolate o per soggiorni lunghi	Consider it if you may be in contact with animals, in remote areas or on a long stay	F6+F7	2026-10-03
uy	CHIK	SOME	Da valutare in caso di focolai o soggiorni lunghi; evita le punture di zanzara	Consider it during outbreaks or on long stays; avoid mosquito bites	F6+F7	2026-10-03
uy	DENGUE	SOME	Il vaccino e' per pochi casi (per esempio chi ha gia' avuto la dengue) e lo decide il medico; la protezione principale e' evitare le punture di zanzara	The vaccine suits only a few people (for example those who already had dengue) and a doctor decides; avoiding mosquito bites is the main protection	F6+F7	2026-10-03
uy	HEPA	SOME	Da valutare in base al viaggio e al rischio di cibo e acqua non sicuri	Consider it depending on your trip and exposure to unsafe food and water	F6+F7	2026-10-03
uy	RABIES	SOME	Da valutare se si e' a contatto con animali, in aree isolate o per soggiorni lunghi	Consider it if you may be in contact with animals, in remote areas or on a long stay	F6+F7	2026-10-03
uy	TYPHOID	SOME	Da valutare in base a dove si mangia e si dorme e alla durata del soggiorno	Consider it depending on where you eat and sleep and how long you stay	F7	2026-10-03
uz	HEPA	MOST	Raccomandato alla maggior parte dei viaggiatori (infezione trasmessa da cibo e acqua)	Recommended for most travellers (spread by food and water)	F6+F7	2026-10-03
uz	HEPB	SOME	Da valutare per soggiorni lunghi, cure mediche sul posto o possibili contatti con sangue o a trasmissione sessuale	Consider it for long stays, medical care on the spot or possible blood or sexual contact	F6+F7	2026-10-03
uz	RABIES	SOME	Da valutare se si e' a contatto con animali, in aree isolate o per soggiorni lunghi	Consider it if you may be in contact with animals, in remote areas or on a long stay	F6+F7	2026-10-03
uz	TYPHOID	SOME	Da valutare in base a dove si mangia e si dorme e alla durata del soggiorno	Consider it depending on where you eat and sleep and how long you stay	F7	2026-10-03
vc	DENGUE	SOME	Il vaccino e' per pochi casi (per esempio chi ha gia' avuto la dengue) e lo decide il medico; la protezione principale e' evitare le punture di zanzara	The vaccine suits only a few people (for example those who already had dengue) and a doctor decides; avoiding mosquito bites is the main protection	F6+F7	2026-10-04
vc	HEPA	SOME	Da valutare in base al viaggio e al rischio di cibo e acqua non sicuri	Consider it depending on your trip and exposure to unsafe food and water	F6+F7	2026-10-04
vc	RABIES	SOME	Rischio solo da pipistrelli: da valutare per chi li maneggia o lavora con la fauna selvatica	Risk from bats only: consider it if you handle bats or work with wildlife	F6+F7	2026-10-04
ve	HEPA	MOST	Raccomandato alla maggior parte dei viaggiatori (infezione trasmessa da cibo e acqua)	Recommended for most travellers (spread by food and water)	F6+F7	2026-10-03
ve	TYPHOID	MOST	Raccomandato alla maggior parte dei viaggiatori (cibo e acqua non sicuri)	Recommended for most travellers (unsafe food and water)	F7	2026-10-03
ve	CHIK	SOME	Da valutare in caso di focolai o soggiorni lunghi; evita le punture di zanzara	Consider it during outbreaks or on long stays; avoid mosquito bites	F6+F7	2026-10-03
ve	DENGUE	SOME	Il vaccino e' per pochi casi (per esempio chi ha gia' avuto la dengue) e lo decide il medico; la protezione principale e' evitare le punture di zanzara	The vaccine suits only a few people (for example those who already had dengue) and a doctor decides; avoiding mosquito bites is the main protection	F6+F7	2026-10-03
ve	HEPB	SOME	Da valutare per soggiorni lunghi, cure mediche sul posto o possibili contatti con sangue o a trasmissione sessuale	Consider it for long stays, medical care on the spot or possible blood or sexual contact	F6+F7	2026-10-03
ve	RABIES	SOME	Da valutare se si e' a contatto con animali, in aree isolate o per soggiorni lunghi	Consider it if you may be in contact with animals, in remote areas or on a long stay	F6+F7	2026-10-03
ve	YF	SOME	Raccomandato nelle aree a rischio, non in tutto il paese: dipende dall'itinerario	Recommended in the risk areas, not the whole country: depends on your itinerary	F6+F7	2026-10-03
vg	DENGUE	SOME	Il vaccino e' per pochi casi (per esempio chi ha gia' avuto la dengue) e lo decide il medico; la protezione principale e' evitare le punture di zanzara	The vaccine suits only a few people (for example those who already had dengue) and a doctor decides; avoiding mosquito bites is the main protection	F6+F7	2026-10-03
vg	HEPA	SOME	Da valutare in base al viaggio e al rischio di cibo e acqua non sicuri	Consider it depending on your trip and exposure to unsafe food and water	F6+F7	2026-10-03
vg	HEPB	SOME	Da valutare per soggiorni lunghi, cure mediche sul posto o possibili contatti con sangue o a trasmissione sessuale	Consider it for long stays, medical care on the spot or possible blood or sexual contact	F6+F7	2026-10-03
vg	RABIES	SOME	Rischio solo da pipistrelli: da valutare per chi li maneggia o lavora con la fauna selvatica	Risk from bats only: consider it if you handle bats or work with wildlife	F6+F7	2026-10-03
vi	DENGUE	SOME	Il vaccino e' per pochi casi (per esempio chi ha gia' avuto la dengue) e lo decide il medico; la protezione principale e' evitare le punture di zanzara	The vaccine suits only a few people (for example those who already had dengue) and a doctor decides; avoiding mosquito bites is the main protection	F6+F7	2026-10-03
vi	HEPA	SOME	Da valutare in base al viaggio e al rischio di cibo e acqua non sicuri	Consider it depending on your trip and exposure to unsafe food and water	F6+F7	2026-10-03
vi	HEPB	SOME	Da valutare per soggiorni lunghi, cure mediche sul posto o possibili contatti con sangue o a trasmissione sessuale	Consider it for long stays, medical care on the spot or possible blood or sexual contact	F6+F7	2026-10-03
vi	RABIES	SOME	Rischio solo da pipistrelli: da valutare per chi li maneggia o lavora con la fauna selvatica	Risk from bats only: consider it if you handle bats or work with wildlife	F6+F7	2026-10-03
vn	HEPA	MOST	Raccomandato alla maggior parte dei viaggiatori (infezione trasmessa da cibo e acqua)	Recommended for most travellers (spread by food and water)	F6+F7	2026-10-03
vn	TYPHOID	MOST	Raccomandato alla maggior parte dei viaggiatori (cibo e acqua non sicuri)	Recommended for most travellers (unsafe food and water)	F6+F7	2026-10-03
vn	CHIK	SOME	Da valutare in caso di focolai o soggiorni lunghi; evita le punture di zanzara	Consider it during outbreaks or on long stays; avoid mosquito bites	F6+F7	2026-10-03
vn	DENGUE	SOME	Il vaccino e' per pochi casi (per esempio chi ha gia' avuto la dengue) e lo decide il medico; la protezione principale e' evitare le punture di zanzara	The vaccine suits only a few people (for example those who already had dengue) and a doctor decides; avoiding mosquito bites is the main protection	F6+F7	2026-10-03
vn	HEPB	SOME	Da valutare per soggiorni lunghi, cure mediche sul posto o possibili contatti con sangue o a trasmissione sessuale	Consider it for long stays, medical care on the spot or possible blood or sexual contact	F6+F7	2026-10-03
vn	JE	SOME	Da valutare per soggiorni lunghi o in zone rurali, soprattutto nella stagione di trasmissione	Consider it for long stays or rural areas, especially in the transmission season	F6+F7	2026-10-03
vn	RABIES	SOME	Da valutare se si e' a contatto con animali, in aree isolate o per soggiorni lunghi	Consider it if you may be in contact with animals, in remote areas or on a long stay	F6+F7	2026-10-03
vu	HEPA	MOST	Raccomandato alla maggior parte dei viaggiatori (infezione trasmessa da cibo e acqua)	Recommended for most travellers (spread by food and water)	F6+F7	2026-10-03
vu	TYPHOID	MOST	Raccomandato alla maggior parte dei viaggiatori (cibo e acqua non sicuri)	Recommended for most travellers (unsafe food and water)	F6+F7	2026-10-03
vu	DENGUE	SOME	Il vaccino e' per pochi casi (per esempio chi ha gia' avuto la dengue) e lo decide il medico; la protezione principale e' evitare le punture di zanzara	The vaccine suits only a few people (for example those who already had dengue) and a doctor decides; avoiding mosquito bites is the main protection	F6+F7	2026-10-03
vu	HEPB	SOME	Da valutare per soggiorni lunghi, cure mediche sul posto o possibili contatti con sangue o a trasmissione sessuale	Consider it for long stays, medical care on the spot or possible blood or sexual contact	F6+F7	2026-10-03
vu	RABIES	SOME	Rischio solo da pipistrelli: da valutare per chi li maneggia o lavora con la fauna selvatica	Risk from bats only: consider it if you handle bats or work with wildlife	F6+F7	2026-10-03
wf	HEPA	MOST	Raccomandato alla maggior parte dei viaggiatori (infezione trasmessa da cibo e acqua)	Recommended for most travellers (spread by food and water)	F7	2026-10-03
wf	DENGUE	SOME	Il vaccino e' per pochi casi (per esempio chi ha gia' avuto la dengue) e lo decide il medico; la protezione principale e' evitare le punture di zanzara	The vaccine suits only a few people (for example those who already had dengue) and a doctor decides; avoiding mosquito bites is the main protection	F7	2026-10-03
wf	HEPB	SOME	Da valutare per soggiorni lunghi, cure mediche sul posto o possibili contatti con sangue o a trasmissione sessuale	Consider it for long stays, medical care on the spot or possible blood or sexual contact	F7	2026-10-03
wf	RABIES	SOME	Rischio solo da pipistrelli: da valutare per chi li maneggia o lavora con la fauna selvatica	Risk from bats only: consider it if you handle bats or work with wildlife	F7	2026-10-03
wf	TYPHOID	SOME	Da valutare in base a dove si mangia e si dorme e alla durata del soggiorno	Consider it depending on where you eat and sleep and how long you stay	F7	2026-10-03
ws	DENGUE	SOME	Il vaccino e' per pochi casi (per esempio chi ha gia' avuto la dengue) e lo decide il medico; la protezione principale e' evitare le punture di zanzara	The vaccine suits only a few people (for example those who already had dengue) and a doctor decides; avoiding mosquito bites is the main protection	F6+F7	2026-10-03
ws	HEPA	SOME	Da valutare in base al viaggio e al rischio di cibo e acqua non sicuri	Consider it depending on your trip and exposure to unsafe food and water	F6+F7	2026-10-03
ws	HEPB	SOME	Da valutare per soggiorni lunghi, cure mediche sul posto o possibili contatti con sangue o a trasmissione sessuale	Consider it for long stays, medical care on the spot or possible blood or sexual contact	F6+F7	2026-10-03
ws	RABIES	SOME	Rischio solo da pipistrelli: da valutare per chi li maneggia o lavora con la fauna selvatica	Risk from bats only: consider it if you handle bats or work with wildlife	F6+F7	2026-10-03
ws	TYPHOID	SOME	Da valutare in base a dove si mangia e si dorme e alla durata del soggiorno	Consider it depending on where you eat and sleep and how long you stay	F7	2026-10-03
xk	HEPA	SOME	Da valutare in base al viaggio e al rischio di cibo e acqua non sicuri	Consider it depending on your trip and exposure to unsafe food and water	F6+F7	2026-10-03
xk	HEPB	SOME	Da valutare per soggiorni lunghi, cure mediche sul posto o possibili contatti con sangue o a trasmissione sessuale	Consider it for long stays, medical care on the spot or possible blood or sexual contact	F6+F7	2026-10-03
xk	RABIES	SOME	Da valutare se si e' a contatto con animali, in aree isolate o per soggiorni lunghi	Consider it if you may be in contact with animals, in remote areas or on a long stay	F6+F7	2026-10-03
xk	TYPHOID	SOME	Da valutare in base a dove si mangia e si dorme e alla durata del soggiorno	Consider it depending on where you eat and sleep and how long you stay	F7	2026-10-03
ye	HEPA	MOST	Raccomandato alla maggior parte dei viaggiatori (infezione trasmessa da cibo e acqua)	Recommended for most travellers (spread by food and water)	F6+F7	2026-10-03
ye	TYPHOID	MOST	Raccomandato alla maggior parte dei viaggiatori (cibo e acqua non sicuri)	Recommended for most travellers (unsafe food and water)	F6+F7	2026-10-03
ye	CHOLERA	SOME	Da valutare solo per rischi elevati (focolai, lavoro umanitario): contano di piu' cibo e acqua sicuri	Consider it only for higher risks (outbreaks, humanitarian work): safe food and water matter more	F6+F7	2026-10-03
ye	DENGUE	SOME	Il vaccino e' per pochi casi (per esempio chi ha gia' avuto la dengue) e lo decide il medico; la protezione principale e' evitare le punture di zanzara	The vaccine suits only a few people (for example those who already had dengue) and a doctor decides; avoiding mosquito bites is the main protection	F6+F7	2026-10-03
ye	HEPB	SOME	Da valutare per soggiorni lunghi, cure mediche sul posto o possibili contatti con sangue o a trasmissione sessuale	Consider it for long stays, medical care on the spot or possible blood or sexual contact	F6+F7	2026-10-03
ye	RABIES	SOME	Da valutare se si e' a contatto con animali, in aree isolate o per soggiorni lunghi	Consider it if you may be in contact with animals, in remote areas or on a long stay	F6+F7	2026-10-03
yt	HEPA	MOST	Raccomandato alla maggior parte dei viaggiatori (infezione trasmessa da cibo e acqua)	Recommended for most travellers (spread by food and water)	F6+F7	2026-10-03
yt	TYPHOID	MOST	Raccomandato alla maggior parte dei viaggiatori (cibo e acqua non sicuri)	Recommended for most travellers (unsafe food and water)	F7	2026-10-03
yt	CHIK	SOME	Da valutare in caso di focolai o soggiorni lunghi; evita le punture di zanzara	Consider it during outbreaks or on long stays; avoid mosquito bites	F6+F7	2026-10-03
yt	CHOLERA	SOME	Da valutare solo per rischi elevati (focolai, lavoro umanitario): contano di piu' cibo e acqua sicuri	Consider it only for higher risks (outbreaks, humanitarian work): safe food and water matter more	F7	2026-10-03
yt	DENGUE	SOME	Il vaccino e' per pochi casi (per esempio chi ha gia' avuto la dengue) e lo decide il medico; la protezione principale e' evitare le punture di zanzara	The vaccine suits only a few people (for example those who already had dengue) and a doctor decides; avoiding mosquito bites is the main protection	F6+F7	2026-10-03
yt	HEPB	SOME	Da valutare per soggiorni lunghi, cure mediche sul posto o possibili contatti con sangue o a trasmissione sessuale	Consider it for long stays, medical care on the spot or possible blood or sexual contact	F6+F7	2026-10-03
yt	RABIES	SOME	Rischio solo da pipistrelli: da valutare per chi li maneggia o lavora con la fauna selvatica	Risk from bats only: consider it if you handle bats or work with wildlife	F6+F7	2026-10-03
za	HEPA	MOST	Raccomandato alla maggior parte dei viaggiatori (infezione trasmessa da cibo e acqua)	Recommended for most travellers (spread by food and water)	F6+F7	2026-10-03
za	TYPHOID	MOST	Raccomandato alla maggior parte dei viaggiatori (cibo e acqua non sicuri)	Recommended for most travellers (unsafe food and water)	F7	2026-10-03
za	CHOLERA	SOME	Da valutare solo per rischi elevati (focolai, lavoro umanitario): contano di piu' cibo e acqua sicuri	Consider it only for higher risks (outbreaks, humanitarian work): safe food and water matter more	F7	2026-10-03
za	HEPB	SOME	Da valutare per soggiorni lunghi, cure mediche sul posto o possibili contatti con sangue o a trasmissione sessuale	Consider it for long stays, medical care on the spot or possible blood or sexual contact	F6+F7	2026-10-03
za	RABIES	SOME	Da valutare se si e' a contatto con animali, in aree isolate o per soggiorni lunghi	Consider it if you may be in contact with animals, in remote areas or on a long stay	F6+F7	2026-10-03
zm	HEPA	MOST	Raccomandato alla maggior parte dei viaggiatori (infezione trasmessa da cibo e acqua)	Recommended for most travellers (spread by food and water)	F6+F7	2026-10-03
zm	TYPHOID	MOST	Raccomandato alla maggior parte dei viaggiatori (cibo e acqua non sicuri)	Recommended for most travellers (unsafe food and water)	F6+F7	2026-10-03
zm	CHOLERA	SOME	Da valutare solo per rischi elevati (focolai, lavoro umanitario): contano di piu' cibo e acqua sicuri	Consider it only for higher risks (outbreaks, humanitarian work): safe food and water matter more	F6+F7	2026-10-03
zm	DENGUE	SOME	Il vaccino e' per pochi casi (per esempio chi ha gia' avuto la dengue) e lo decide il medico; la protezione principale e' evitare le punture di zanzara	The vaccine suits only a few people (for example those who already had dengue) and a doctor decides; avoiding mosquito bites is the main protection	F6+F7	2026-10-03
zm	HEPB	SOME	Da valutare per soggiorni lunghi, cure mediche sul posto o possibili contatti con sangue o a trasmissione sessuale	Consider it for long stays, medical care on the spot or possible blood or sexual contact	F6+F7	2026-10-03
zm	RABIES	SOME	Da valutare se si e' a contatto con animali, in aree isolate o per soggiorni lunghi	Consider it if you may be in contact with animals, in remote areas or on a long stay	F6+F7	2026-10-03
zm	YF	SOME	Raccomandato nelle aree a rischio, non in tutto il paese: dipende dall'itinerario	Recommended in the risk areas, not the whole country: depends on your itinerary	F7	2026-10-03
zw	HEPA	MOST	Raccomandato alla maggior parte dei viaggiatori (infezione trasmessa da cibo e acqua)	Recommended for most travellers (spread by food and water)	F6+F7	2026-10-03
zw	TYPHOID	MOST	Raccomandato alla maggior parte dei viaggiatori (cibo e acqua non sicuri)	Recommended for most travellers (unsafe food and water)	F7	2026-10-03
zw	CHOLERA	SOME	Da valutare solo per rischi elevati (focolai, lavoro umanitario): contano di piu' cibo e acqua sicuri	Consider it only for higher risks (outbreaks, humanitarian work): safe food and water matter more	F6+F7	2026-10-03
zw	DENGUE	SOME	Il vaccino e' per pochi casi (per esempio chi ha gia' avuto la dengue) e lo decide il medico; la protezione principale e' evitare le punture di zanzara	The vaccine suits only a few people (for example those who already had dengue) and a doctor decides; avoiding mosquito bites is the main protection	F6+F7	2026-10-03
zw	HEPB	SOME	Da valutare per soggiorni lunghi, cure mediche sul posto o possibili contatti con sangue o a trasmissione sessuale	Consider it for long stays, medical care on the spot or possible blood or sexual contact	F6+F7	2026-10-03
zw	RABIES	SOME	Da valutare se si e' a contatto con animali, in aree isolate o per soggiorni lunghi	Consider it if you may be in contact with animals, in remote areas or on a long stay	F6+F7	2026-10-03
